turbine_id,origin,valid_at,lead_hour,power_norm,run_id,model_id,mode,provenance_status
T1,2026-01-31T18:00:00Z,2026-01-31T19:00:00Z,1,0.013411050080159435,2026-01-30T00:00,sha256:594ab96b14faef987df918ca088c7784f8964e26a17075bcc4a009b6d23b8b96,archive,provider_documented
T1,2026-01-31T18:00:00Z,2026-01-31T20:00:00Z,2,0.012523936527461758,2026-01-30T00:00,sha256:594ab96b14faef987df918ca088c7784f8964e26a17075bcc4a009b6d23b8b96,archive,provider_documented
T1,2026-01-31T18:00:00Z,2026-01-31T21:00:00Z,3,0.01286559221012968,2026-01-30T00:00,sha256:594ab96b14faef987df918ca088c7784f8964e26a17075bcc4a009b6d23b8b96,archive,provider_documented
T1,2026-01-31T18:00:00Z,2026-01-31T22:00:00Z,4,0.010254980866220407,2026-01-30T00:00,sha256:594ab96b14faef987df918ca088c7784f8964e26a17075bcc4a009b6d23b8b96,archive,provider_documented
T1,2026-01-31T18:00:00Z,2026-01-31T23:00:00Z,5,0.010254980866220407,2026-01-30T00:00,sha256:594ab96b14faef987df918ca088c7784f8964e26a17075bcc4a009b6d23b8b96,archive,provider_documented
T1,2026-01-31T18:00:00Z,2026-02-01T00:00:00Z,6,0.010254980866220407,2026-01-30T00:00,sha256:594ab96b14faef987df918ca088c7784f8964e26a17075bcc4a009b6d23b8b96,archive,provider_documented
T1,2026-01-31T18:00:00Z,2026-02-01T01:00:00Z,7,0.011686420719674113,2026-01-30T00:00,sha256:594ab96b14faef987df918ca088c7784f8964e26a17075bcc4a009b6d23b8b96,archive,provider_documented
T1,2026-01-31T18:00:00Z,2026-02-01T02:00:00Z,8,0.02030279546074557,2026-01-30T00:00,sha256:594ab96b14faef987df918ca088c7784f8964e26a17075bcc4a009b6d23b8b96,archive,provider_documented
T1,2026-01-31T18:00:00Z,2026-02-01T03:00:00Z,9,0.049446989376198826,2026-01-30T00:00,sha256:594ab96b14faef987df918ca088c7784f8964e26a17075bcc4a009b6d23b8b96,archive,provider_documented
T1,2026-01-31T18:00:00Z,2026-02-01T04:00:00Z,10,0.23421996048464636,2026-01-30T00:00,sha256:594ab96b14faef987df918ca088c7784f8964e26a17075bcc4a009b6d23b8b96,archive,provider_documented
T1,2026-01-31T18:00:00Z,2026-02-01T05:00:00Z,11,0.44451751697510405,2026-01-30T00:00,sha256:594ab96b14faef987df918ca088c7784f8964e26a17075bcc4a009b6d23b8b96,archive,provider_documented
T1,2026-01-31T18:00:00Z,2026-02-01T06:00:00Z,12,0.5831557355972384,2026-01-30T00:00,sha256:594ab96b14faef987df918ca088c7784f8964e26a17075bcc4a009b6d23b8b96,archive,provider_documented
T1,2026-01-31T18:00:00Z,2026-02-01T07:00:00Z,13,0.5791934485411206,2026-01-30T00:00,sha256:594ab96b14faef987df918ca088c7784f8964e26a17075bcc4a009b6d23b8b96,archive,provider_documented
T1,2026-01-31T18:00:00Z,2026-02-01T08:00:00Z,14,0.6132597935824334,2026-01-30T00:00,sha256:594ab96b14faef987df918ca088c7784f8964e26a17075bcc4a009b6d23b8b96,archive,provider_documented
T1,2026-01-31T18:00:00Z,2026-02-01T09:00:00Z,15,0.5791934485411206,2026-01-30T00:00,sha256:594ab96b14faef987df918ca088c7784f8964e26a17075bcc4a009b6d23b8b96,archive,provider_documented
T1,2026-01-31T18:00:00Z,2026-02-01T10:00:00Z,16,0.511072665507281,2026-01-30T00:00,sha256:594ab96b14faef987df918ca088c7784f8964e26a17075bcc4a009b6d23b8b96,archive,provider_documented
T1,2026-01-31T18:00:00Z,2026-02-01T11:00:00Z,17,0.2587630060873346,2026-01-30T00:00,sha256:594ab96b14faef987df918ca088c7784f8964e26a17075bcc4a009b6d23b8b96,archive,provider_documented
T1,2026-01-31T18:00:00Z,2026-02-01T12:00:00Z,18,0.15507224963103097,2026-01-30T00:00,sha256:594ab96b14faef987df918ca088c7784f8964e26a17075bcc4a009b6d23b8b96,archive,provider_documented
T1,2026-01-31T18:00:00Z,2026-02-01T13:00:00Z,19,0.15507224963103097,2026-01-30T00:00,sha256:594ab96b14faef987df918ca088c7784f8964e26a17075bcc4a009b6d23b8b96,archive,provider_documented
T1,2026-01-31T18:00:00Z,2026-02-01T14:00:00Z,20,0.17603935759294362,2026-01-30T00:00,sha256:594ab96b14faef987df918ca088c7784f8964e26a17075bcc4a009b6d23b8b96,archive,provider_documented
T1,2026-01-31T18:00:00Z,2026-02-01T15:00:00Z,21,0.23421996048464636,2026-01-30T00:00,sha256:594ab96b14faef987df918ca088c7784f8964e26a17075bcc4a009b6d23b8b96,archive,provider_documented
T1,2026-01-31T18:00:00Z,2026-02-01T16:00:00Z,22,0.19513710049224012,2026-01-30T00:00,sha256:594ab96b14faef987df918ca088c7784f8964e26a17075bcc4a009b6d23b8b96,archive,provider_documented
T1,2026-01-31T18:00:00Z,2026-02-01T17:00:00Z,23,0.19513710049224012,2026-01-30T00:00,sha256:594ab96b14faef987df918ca088c7784f8964e26a17075bcc4a009b6d23b8b96,archive,provider_documented
T1,2026-01-31T18:00:00Z,2026-02-01T18:00:00Z,24,0.23421996048464636,2026-01-30T00:00,sha256:594ab96b14faef987df918ca088c7784f8964e26a17075bcc4a009b6d23b8b96,archive,provider_documented
T2,2026-01-31T18:00:00Z,2026-01-31T19:00:00Z,1,0.011058427682067691,2026-01-30T00:00,sha256:071928f407ba189f1d74b42e9e9ac8b1c0b71991dbfd32c9574f67294a09100f,archive,provider_documented
T2,2026-01-31T18:00:00Z,2026-01-31T20:00:00Z,2,0.010855926508843797,2026-01-30T00:00,sha256:071928f407ba189f1d74b42e9e9ac8b1c0b71991dbfd32c9574f67294a09100f,archive,provider_documented
T2,2026-01-31T18:00:00Z,2026-01-31T21:00:00Z,3,0.010855926508843797,2026-01-30T00:00,sha256:071928f407ba189f1d74b42e9e9ac8b1c0b71991dbfd32c9574f67294a09100f,archive,provider_documented
T2,2026-01-31T18:00:00Z,2026-01-31T22:00:00Z,4,0.01005651936154835,2026-01-30T00:00,sha256:071928f407ba189f1d74b42e9e9ac8b1c0b71991dbfd32c9574f67294a09100f,archive,provider_documented
T2,2026-01-31T18:00:00Z,2026-01-31T23:00:00Z,5,0.010008242671297135,2026-01-30T00:00,sha256:071928f407ba189f1d74b42e9e9ac8b1c0b71991dbfd32c9574f67294a09100f,archive,provider_documented
T2,2026-01-31T18:00:00Z,2026-02-01T00:00:00Z,6,0.01005651936154835,2026-01-30T00:00,sha256:071928f407ba189f1d74b42e9e9ac8b1c0b71991dbfd32c9574f67294a09100f,archive,provider_documented
T2,2026-01-31T18:00:00Z,2026-02-01T01:00:00Z,7,0.010008242671297135,2026-01-30T00:00,sha256:071928f407ba189f1d74b42e9e9ac8b1c0b71991dbfd32c9574f67294a09100f,archive,provider_documented
T2,2026-01-31T18:00:00Z,2026-02-01T02:00:00Z,8,0.010855926508843797,2026-01-30T00:00,sha256:071928f407ba189f1d74b42e9e9ac8b1c0b71991dbfd32c9574f67294a09100f,archive,provider_documented
T2,2026-01-31T18:00:00Z,2026-02-01T03:00:00Z,9,0.029870247118237384,2026-01-30T00:00,sha256:071928f407ba189f1d74b42e9e9ac8b1c0b71991dbfd32c9574f67294a09100f,archive,provider_documented
T2,2026-01-31T18:00:00Z,2026-02-01T04:00:00Z,10,0.21831250180617173,2026-01-30T00:00,sha256:071928f407ba189f1d74b42e9e9ac8b1c0b71991dbfd32c9574f67294a09100f,archive,provider_documented
T2,2026-01-31T18:00:00Z,2026-02-01T05:00:00Z,11,0.45739636512693105,2026-01-30T00:00,sha256:071928f407ba189f1d74b42e9e9ac8b1c0b71991dbfd32c9574f67294a09100f,archive,provider_documented
T2,2026-01-31T18:00:00Z,2026-02-01T06:00:00Z,12,0.5300850541722548,2026-01-30T00:00,sha256:071928f407ba189f1d74b42e9e9ac8b1c0b71991dbfd32c9574f67294a09100f,archive,provider_documented
T2,2026-01-31T18:00:00Z,2026-02-01T07:00:00Z,13,0.5300850541722548,2026-01-30T00:00,sha256:071928f407ba189f1d74b42e9e9ac8b1c0b71991dbfd32c9574f67294a09100f,archive,provider_documented
T2,2026-01-31T18:00:00Z,2026-02-01T08:00:00Z,14,0.6234514179533457,2026-01-30T00:00,sha256:071928f407ba189f1d74b42e9e9ac8b1c0b71991dbfd32c9574f67294a09100f,archive,provider_documented
T2,2026-01-31T18:00:00Z,2026-02-01T09:00:00Z,15,0.5300850541722548,2026-01-30T00:00,sha256:071928f407ba189f1d74b42e9e9ac8b1c0b71991dbfd32c9574f67294a09100f,archive,provider_documented
T2,2026-01-31T18:00:00Z,2026-02-01T10:00:00Z,16,0.4697353940178991,2026-01-30T00:00,sha256:071928f407ba189f1d74b42e9e9ac8b1c0b71991dbfd32c9574f67294a09100f,archive,provider_documented
T2,2026-01-31T18:00:00Z,2026-02-01T11:00:00Z,17,0.24171235043034892,2026-01-30T00:00,sha256:071928f407ba189f1d74b42e9e9ac8b1c0b71991dbfd32c9574f67294a09100f,archive,provider_documented
T2,2026-01-31T18:00:00Z,2026-02-01T12:00:00Z,18,0.1382863255847333,2026-01-30T00:00,sha256:071928f407ba189f1d74b42e9e9ac8b1c0b71991dbfd32c9574f67294a09100f,archive,provider_documented
T2,2026-01-31T18:00:00Z,2026-02-01T13:00:00Z,19,0.1382863255847333,2026-01-30T00:00,sha256:071928f407ba189f1d74b42e9e9ac8b1c0b71991dbfd32c9574f67294a09100f,archive,provider_documented
T2,2026-01-31T18:00:00Z,2026-02-01T14:00:00Z,20,0.15526005332789244,2026-01-30T00:00,sha256:071928f407ba189f1d74b42e9e9ac8b1c0b71991dbfd32c9574f67294a09100f,archive,provider_documented
T2,2026-01-31T18:00:00Z,2026-02-01T15:00:00Z,21,0.21831250180617173,2026-01-30T00:00,sha256:071928f407ba189f1d74b42e9e9ac8b1c0b71991dbfd32c9574f67294a09100f,archive,provider_documented
T2,2026-01-31T18:00:00Z,2026-02-01T16:00:00Z,22,0.20163522398338724,2026-01-30T00:00,sha256:071928f407ba189f1d74b42e9e9ac8b1c0b71991dbfd32c9574f67294a09100f,archive,provider_documented
T2,2026-01-31T18:00:00Z,2026-02-01T17:00:00Z,23,0.20163522398338724,2026-01-30T00:00,sha256:071928f407ba189f1d74b42e9e9ac8b1c0b71991dbfd32c9574f67294a09100f,archive,provider_documented
T2,2026-01-31T18:00:00Z,2026-02-01T18:00:00Z,24,0.21831250180617173,2026-01-30T00:00,sha256:071928f407ba189f1d74b42e9e9ac8b1c0b71991dbfd32c9574f67294a09100f,archive,provider_documented
T1,2026-02-01T18:00:00Z,2026-02-01T19:00:00Z,1,0.17603935759294362,2026-01-31T00:00,sha256:594ab96b14faef987df918ca088c7784f8964e26a17075bcc4a009b6d23b8b96,archive,provider_documented
T1,2026-02-01T18:00:00Z,2026-02-01T20:00:00Z,2,0.17603935759294362,2026-01-31T00:00,sha256:594ab96b14faef987df918ca088c7784f8964e26a17075bcc4a009b6d23b8b96,archive,provider_documented
T1,2026-02-01T18:00:00Z,2026-02-01T21:00:00Z,3,0.23421996048464636,2026-01-31T00:00,sha256:594ab96b14faef987df918ca088c7784f8964e26a17075bcc4a009b6d23b8b96,archive,provider_documented
T1,2026-02-01T18:00:00Z,2026-02-01T22:00:00Z,4,0.19513710049224012,2026-01-31T00:00,sha256:594ab96b14faef987df918ca088c7784f8964e26a17075bcc4a009b6d23b8b96,archive,provider_documented
T1,2026-02-01T18:00:00Z,2026-02-01T23:00:00Z,5,0.31178705269337664,2026-01-31T00:00,sha256:594ab96b14faef987df918ca088c7784f8964e26a17075bcc4a009b6d23b8b96,archive,provider_documented
T1,2026-02-01T18:00:00Z,2026-02-02T00:00:00Z,6,0.31178705269337664,2026-01-31T00:00,sha256:594ab96b14faef987df918ca088c7784f8964e26a17075bcc4a009b6d23b8b96,archive,provider_documented
T1,2026-02-01T18:00:00Z,2026-02-02T01:00:00Z,7,0.31178705269337664,2026-01-31T00:00,sha256:594ab96b14faef987df918ca088c7784f8964e26a17075bcc4a009b6d23b8b96,archive,provider_documented
T1,2026-02-01T18:00:00Z,2026-02-02T02:00:00Z,8,0.33532333730745606,2026-01-31T00:00,sha256:594ab96b14faef987df918ca088c7784f8964e26a17075bcc4a009b6d23b8b96,archive,provider_documented
T1,2026-02-01T18:00:00Z,2026-02-02T03:00:00Z,9,0.5276015636536129,2026-01-31T00:00,sha256:594ab96b14faef987df918ca088c7784f8964e26a17075bcc4a009b6d23b8b96,archive,provider_documented
T1,2026-02-01T18:00:00Z,2026-02-02T04:00:00Z,10,0.5948052611102344,2026-01-31T00:00,sha256:594ab96b14faef987df918ca088c7784f8964e26a17075bcc4a009b6d23b8b96,archive,provider_documented
T1,2026-02-01T18:00:00Z,2026-02-02T05:00:00Z,11,0.7001413940166962,2026-01-31T00:00,sha256:594ab96b14faef987df918ca088c7784f8964e26a17075bcc4a009b6d23b8b96,archive,provider_documented
T1,2026-02-01T18:00:00Z,2026-02-02T06:00:00Z,12,0.8573990511366548,2026-01-31T00:00,sha256:594ab96b14faef987df918ca088c7784f8964e26a17075bcc4a009b6d23b8b96,archive,provider_documented
T1,2026-02-01T18:00:00Z,2026-02-02T07:00:00Z,13,0.941666148928395,2026-01-31T00:00,sha256:594ab96b14faef987df918ca088c7784f8964e26a17075bcc4a009b6d23b8b96,archive,provider_documented
T1,2026-02-01T18:00:00Z,2026-02-02T08:00:00Z,14,0.9669729554062383,2026-01-31T00:00,sha256:594ab96b14faef987df918ca088c7784f8964e26a17075bcc4a009b6d23b8b96,archive,provider_documented
T1,2026-02-01T18:00:00Z,2026-02-02T09:00:00Z,15,0.9513285858981733,2026-01-31T00:00,sha256:594ab96b14faef987df918ca088c7784f8964e26a17075bcc4a009b6d23b8b96,archive,provider_documented
T1,2026-02-01T18:00:00Z,2026-02-02T10:00:00Z,16,0.8532981979032909,2026-01-31T00:00,sha256:594ab96b14faef987df918ca088c7784f8964e26a17075bcc4a009b6d23b8b96,archive,provider_documented
T1,2026-02-01T18:00:00Z,2026-02-02T11:00:00Z,17,0.03961468841362147,2026-01-31T00:00,sha256:594ab96b14faef987df918ca088c7784f8964e26a17075bcc4a009b6d23b8b96,archive,provider_documented
T1,2026-02-01T18:00:00Z,2026-02-02T12:00:00Z,18,0.011348087933316887,2026-01-31T00:00,sha256:594ab96b14faef987df918ca088c7784f8964e26a17075bcc4a009b6d23b8b96,archive,provider_documented
T1,2026-02-01T18:00:00Z,2026-02-02T13:00:00Z,19,0.0602101820637174,2026-01-31T00:00,sha256:594ab96b14faef987df918ca088c7784f8964e26a17075bcc4a009b6d23b8b96,archive,provider_documented
T1,2026-02-01T18:00:00Z,2026-02-02T14:00:00Z,20,0.012523936527461758,2026-01-31T00:00,sha256:594ab96b14faef987df918ca088c7784f8964e26a17075bcc4a009b6d23b8b96,archive,provider_documented
T1,2026-02-01T18:00:00Z,2026-02-02T15:00:00Z,21,0.013411050080159435,2026-01-31T00:00,sha256:594ab96b14faef987df918ca088c7784f8964e26a17075bcc4a009b6d23b8b96,archive,provider_documented
T1,2026-02-01T18:00:00Z,2026-02-02T16:00:00Z,22,0.012523936527461758,2026-01-31T00:00,sha256:594ab96b14faef987df918ca088c7784f8964e26a17075bcc4a009b6d23b8b96,archive,provider_documented
T1,2026-02-01T18:00:00Z,2026-02-02T17:00:00Z,23,0.010254980866220407,2026-01-31T00:00,sha256:594ab96b14faef987df918ca088c7784f8964e26a17075bcc4a009b6d23b8b96,archive,provider_documented
T1,2026-02-01T18:00:00Z,2026-02-02T18:00:00Z,24,0.012523936527461758,2026-01-31T00:00,sha256:594ab96b14faef987df918ca088c7784f8964e26a17075bcc4a009b6d23b8b96,archive,provider_documented
T2,2026-02-01T18:00:00Z,2026-02-01T19:00:00Z,1,0.15526005332789244,2026-01-31T00:00,sha256:071928f407ba189f1d74b42e9e9ac8b1c0b71991dbfd32c9574f67294a09100f,archive,provider_documented
T2,2026-02-01T18:00:00Z,2026-02-01T20:00:00Z,2,0.15526005332789244,2026-01-31T00:00,sha256:071928f407ba189f1d74b42e9e9ac8b1c0b71991dbfd32c9574f67294a09100f,archive,provider_documented
T2,2026-02-01T18:00:00Z,2026-02-01T21:00:00Z,3,0.21831250180617173,2026-01-31T00:00,sha256:071928f407ba189f1d74b42e9e9ac8b1c0b71991dbfd32c9574f67294a09100f,archive,provider_documented
T2,2026-02-01T18:00:00Z,2026-02-01T22:00:00Z,4,0.20163522398338724,2026-01-31T00:00,sha256:071928f407ba189f1d74b42e9e9ac8b1c0b71991dbfd32c9574f67294a09100f,archive,provider_documented
T2,2026-02-01T18:00:00Z,2026-02-01T23:00:00Z,5,0.29559708471721735,2026-01-31T00:00,sha256:071928f407ba189f1d74b42e9e9ac8b1c0b71991dbfd32c9574f67294a09100f,archive,provider_documented
T2,2026-02-01T18:00:00Z,2026-02-02T00:00:00Z,6,0.29559708471721735,2026-01-31T00:00,sha256:071928f407ba189f1d74b42e9e9ac8b1c0b71991dbfd32c9574f67294a09100f,archive,provider_documented
T2,2026-02-01T18:00:00Z,2026-02-02T01:00:00Z,7,0.29559708471721735,2026-01-31T00:00,sha256:071928f407ba189f1d74b42e9e9ac8b1c0b71991dbfd32c9574f67294a09100f,archive,provider_documented
T2,2026-02-01T18:00:00Z,2026-02-02T02:00:00Z,8,0.3223657888509128,2026-01-31T00:00,sha256:071928f407ba189f1d74b42e9e9ac8b1c0b71991dbfd32c9574f67294a09100f,archive,provider_documented
T2,2026-02-01T18:00:00Z,2026-02-02T03:00:00Z,9,0.5028991170064102,2026-01-31T00:00,sha256:071928f407ba189f1d74b42e9e9ac8b1c0b71991dbfd32c9574f67294a09100f,archive,provider_documented
T2,2026-02-01T18:00:00Z,2026-02-02T04:00:00Z,10,0.5525246021455751,2026-01-31T00:00,sha256:071928f407ba189f1d74b42e9e9ac8b1c0b71991dbfd32c9574f67294a09100f,archive,provider_documented
T2,2026-02-01T18:00:00Z,2026-02-02T05:00:00Z,11,0.7338549401769292,2026-01-31T00:00,sha256:071928f407ba189f1d74b42e9e9ac8b1c0b71991dbfd32c9574f67294a09100f,archive,provider_documented
T2,2026-02-01T18:00:00Z,2026-02-02T06:00:00Z,12,0.8566869449661267,2026-01-31T00:00,sha256:071928f407ba189f1d74b42e9e9ac8b1c0b71991dbfd32c9574f67294a09100f,archive,provider_documented
T2,2026-02-01T18:00:00Z,2026-02-02T07:00:00Z,13,0.9435292774542459,2026-01-31T00:00,sha256:071928f407ba189f1d74b42e9e9ac8b1c0b71991dbfd32c9574f67294a09100f,archive,provider_documented
T2,2026-02-01T18:00:00Z,2026-02-02T08:00:00Z,14,0.9645499494596784,2026-01-31T00:00,sha256:071928f407ba189f1d74b42e9e9ac8b1c0b71991dbfd32c9574f67294a09100f,archive,provider_documented
T2,2026-02-01T18:00:00Z,2026-02-02T09:00:00Z,15,0.9547091142772816,2026-01-31T00:00,sha256:071928f407ba189f1d74b42e9e9ac8b1c0b71991dbfd32c9574f67294a09100f,archive,provider_documented
T2,2026-02-01T18:00:00Z,2026-02-02T10:00:00Z,16,0.8460038106419494,2026-01-31T00:00,sha256:071928f407ba189f1d74b42e9e9ac8b1c0b71991dbfd32c9574f67294a09100f,archive,provider_documented
T2,2026-02-01T18:00:00Z,2026-02-02T11:00:00Z,17,0.03450593241872224,2026-01-31T00:00,sha256:071928f407ba189f1d74b42e9e9ac8b1c0b71991dbfd32c9574f67294a09100f,archive,provider_documented
T2,2026-02-01T18:00:00Z,2026-02-02T12:00:00Z,18,0.010234922619829955,2026-01-31T00:00,sha256:071928f407ba189f1d74b42e9e9ac8b1c0b71991dbfd32c9574f67294a09100f,archive,provider_documented
T2,2026-02-01T18:00:00Z,2026-02-02T13:00:00Z,19,0.04072740652063699,2026-01-31T00:00,sha256:071928f407ba189f1d74b42e9e9ac8b1c0b71991dbfd32c9574f67294a09100f,archive,provider_documented
T2,2026-02-01T18:00:00Z,2026-02-02T14:00:00Z,20,0.010855926508843797,2026-01-31T00:00,sha256:071928f407ba189f1d74b42e9e9ac8b1c0b71991dbfd32c9574f67294a09100f,archive,provider_documented
T2,2026-02-01T18:00:00Z,2026-02-02T15:00:00Z,21,0.011058427682067691,2026-01-31T00:00,sha256:071928f407ba189f1d74b42e9e9ac8b1c0b71991dbfd32c9574f67294a09100f,archive,provider_documented
T2,2026-02-01T18:00:00Z,2026-02-02T16:00:00Z,22,0.010855926508843797,2026-01-31T00:00,sha256:071928f407ba189f1d74b42e9e9ac8b1c0b71991dbfd32c9574f67294a09100f,archive,provider_documented
T2,2026-02-01T18:00:00Z,2026-02-02T17:00:00Z,23,0.010008242671297135,2026-01-31T00:00,sha256:071928f407ba189f1d74b42e9e9ac8b1c0b71991dbfd32c9574f67294a09100f,archive,provider_documented
T2,2026-02-01T18:00:00Z,2026-02-02T18:00:00Z,24,0.010855926508843797,2026-01-31T00:00,sha256:071928f407ba189f1d74b42e9e9ac8b1c0b71991dbfd32c9574f67294a09100f,archive,provider_documented
T1,2026-02-02T18:00:00Z,2026-02-02T19:00:00Z,1,0.049446989376198826,2026-02-01T00:00,sha256:594ab96b14faef987df918ca088c7784f8964e26a17075bcc4a009b6d23b8b96,archive,provider_documented
T1,2026-02-02T18:00:00Z,2026-02-02T20:00:00Z,2,0.10967912756425273,2026-02-01T00:00,sha256:594ab96b14faef987df918ca088c7784f8964e26a17075bcc4a009b6d23b8b96,archive,provider_documented
T1,2026-02-02T18:00:00Z,2026-02-02T21:00:00Z,3,0.11882377296457829,2026-02-01T00:00,sha256:594ab96b14faef987df918ca088c7784f8964e26a17075bcc4a009b6d23b8b96,archive,provider_documented
T1,2026-02-02T18:00:00Z,2026-02-02T22:00:00Z,4,0.09448277287675279,2026-02-01T00:00,sha256:594ab96b14faef987df918ca088c7784f8964e26a17075bcc4a009b6d23b8b96,archive,provider_documented
T1,2026-02-02T18:00:00Z,2026-02-02T23:00:00Z,5,0.06604818202409658,2026-02-01T00:00,sha256:594ab96b14faef987df918ca088c7784f8964e26a17075bcc4a009b6d23b8b96,archive,provider_documented
T1,2026-02-02T18:00:00Z,2026-02-03T00:00:00Z,6,0.06604818202409658,2026-02-01T00:00,sha256:594ab96b14faef987df918ca088c7784f8964e26a17075bcc4a009b6d23b8b96,archive,provider_documented
T1,2026-02-02T18:00:00Z,2026-02-03T01:00:00Z,7,0.05605578037471883,2026-02-01T00:00,sha256:594ab96b14faef987df918ca088c7784f8964e26a17075bcc4a009b6d23b8b96,archive,provider_documented
T1,2026-02-02T18:00:00Z,2026-02-03T02:00:00Z,8,0.014297032063583386,2026-02-01T00:00,sha256:594ab96b14faef987df918ca088c7784f8964e26a17075bcc4a009b6d23b8b96,archive,provider_documented
T1,2026-02-02T18:00:00Z,2026-02-03T03:00:00Z,9,0.01286559221012968,2026-02-01T00:00,sha256:594ab96b14faef987df918ca088c7784f8964e26a17075bcc4a009b6d23b8b96,archive,provider_documented
T1,2026-02-02T18:00:00Z,2026-02-03T04:00:00Z,10,0.01427711663670923,2026-02-01T00:00,sha256:594ab96b14faef987df918ca088c7784f8964e26a17075bcc4a009b6d23b8b96,archive,provider_documented
T1,2026-02-02T18:00:00Z,2026-02-03T05:00:00Z,11,0.03961468841362147,2026-02-01T00:00,sha256:594ab96b14faef987df918ca088c7784f8964e26a17075bcc4a009b6d23b8b96,archive,provider_documented
T1,2026-02-02T18:00:00Z,2026-02-03T06:00:00Z,12,0.16816080233006606,2026-02-01T00:00,sha256:594ab96b14faef987df918ca088c7784f8964e26a17075bcc4a009b6d23b8b96,archive,provider_documented
T1,2026-02-02T18:00:00Z,2026-02-03T07:00:00Z,13,0.0843699777644491,2026-02-01T00:00,sha256:594ab96b14faef987df918ca088c7784f8964e26a17075bcc4a009b6d23b8b96,archive,provider_documented
T1,2026-02-02T18:00:00Z,2026-02-03T08:00:00Z,14,0.23914453536292601,2026-02-01T00:00,sha256:594ab96b14faef987df918ca088c7784f8964e26a17075bcc4a009b6d23b8b96,archive,provider_documented
T1,2026-02-02T18:00:00Z,2026-02-03T09:00:00Z,15,0.23914453536292601,2026-02-01T00:00,sha256:594ab96b14faef987df918ca088c7784f8964e26a17075bcc4a009b6d23b8b96,archive,provider_documented
T1,2026-02-02T18:00:00Z,2026-02-03T10:00:00Z,16,0.2502567923073466,2026-02-01T00:00,sha256:594ab96b14faef987df918ca088c7784f8964e26a17075bcc4a009b6d23b8b96,archive,provider_documented
T1,2026-02-02T18:00:00Z,2026-02-03T11:00:00Z,17,0.1765366343388214,2026-02-01T00:00,sha256:594ab96b14faef987df918ca088c7784f8964e26a17075bcc4a009b6d23b8b96,archive,provider_documented
T1,2026-02-02T18:00:00Z,2026-02-03T12:00:00Z,18,0.2476507491429141,2026-02-01T00:00,sha256:594ab96b14faef987df918ca088c7784f8964e26a17075bcc4a009b6d23b8b96,archive,provider_documented
T1,2026-02-02T18:00:00Z,2026-02-03T13:00:00Z,19,0.3899102384897137,2026-02-01T00:00,sha256:594ab96b14faef987df918ca088c7784f8964e26a17075bcc4a009b6d23b8b96,archive,provider_documented
T1,2026-02-02T18:00:00Z,2026-02-03T14:00:00Z,20,0.620503306934102,2026-02-01T00:00,sha256:594ab96b14faef987df918ca088c7784f8964e26a17075bcc4a009b6d23b8b96,archive,provider_documented
T1,2026-02-02T18:00:00Z,2026-02-03T15:00:00Z,21,0.5129277935897145,2026-02-01T00:00,sha256:594ab96b14faef987df918ca088c7784f8964e26a17075bcc4a009b6d23b8b96,archive,provider_documented
T1,2026-02-02T18:00:00Z,2026-02-03T16:00:00Z,22,0.23784028456934056,2026-02-01T00:00,sha256:594ab96b14faef987df918ca088c7784f8964e26a17075bcc4a009b6d23b8b96,archive,provider_documented
T1,2026-02-02T18:00:00Z,2026-02-03T17:00:00Z,23,0.23784028456934056,2026-02-01T00:00,sha256:594ab96b14faef987df918ca088c7784f8964e26a17075bcc4a009b6d23b8b96,archive,provider_documented
T1,2026-02-02T18:00:00Z,2026-02-03T18:00:00Z,24,0.23159024261714908,2026-02-01T00:00,sha256:594ab96b14faef987df918ca088c7784f8964e26a17075bcc4a009b6d23b8b96,archive,provider_documented
T2,2026-02-02T18:00:00Z,2026-02-02T19:00:00Z,1,0.03800119485175809,2026-02-01T00:00,sha256:071928f407ba189f1d74b42e9e9ac8b1c0b71991dbfd32c9574f67294a09100f,archive,provider_documented
T2,2026-02-02T18:00:00Z,2026-02-02T20:00:00Z,2,0.07151243686644647,2026-02-01T00:00,sha256:071928f407ba189f1d74b42e9e9ac8b1c0b71991dbfd32c9574f67294a09100f,archive,provider_documented
T2,2026-02-02T18:00:00Z,2026-02-02T21:00:00Z,3,0.1128281712791059,2026-02-01T00:00,sha256:071928f407ba189f1d74b42e9e9ac8b1c0b71991dbfd32c9574f67294a09100f,archive,provider_documented
T2,2026-02-02T18:00:00Z,2026-02-02T22:00:00Z,4,0.07151243686644647,2026-02-01T00:00,sha256:071928f407ba189f1d74b42e9e9ac8b1c0b71991dbfd32c9574f67294a09100f,archive,provider_documented
T2,2026-02-02T18:00:00Z,2026-02-02T23:00:00Z,5,0.047200338878422766,2026-02-01T00:00,sha256:071928f407ba189f1d74b42e9e9ac8b1c0b71991dbfd32c9574f67294a09100f,archive,provider_documented
T2,2026-02-02T18:00:00Z,2026-02-03T00:00:00Z,6,0.047200338878422766,2026-02-01T00:00,sha256:071928f407ba189f1d74b42e9e9ac8b1c0b71991dbfd32c9574f67294a09100f,archive,provider_documented
T2,2026-02-02T18:00:00Z,2026-02-03T01:00:00Z,7,0.04072740652063699,2026-02-01T00:00,sha256:071928f407ba189f1d74b42e9e9ac8b1c0b71991dbfd32c9574f67294a09100f,archive,provider_documented
T2,2026-02-02T18:00:00Z,2026-02-03T02:00:00Z,8,0.010855926508843797,2026-02-01T00:00,sha256:071928f407ba189f1d74b42e9e9ac8b1c0b71991dbfd32c9574f67294a09100f,archive,provider_documented
T2,2026-02-02T18:00:00Z,2026-02-03T03:00:00Z,9,0.010855926508843797,2026-02-01T00:00,sha256:071928f407ba189f1d74b42e9e9ac8b1c0b71991dbfd32c9574f67294a09100f,archive,provider_documented
T2,2026-02-02T18:00:00Z,2026-02-03T04:00:00Z,10,0.01304945925323048,2026-02-01T00:00,sha256:071928f407ba189f1d74b42e9e9ac8b1c0b71991dbfd32c9574f67294a09100f,archive,provider_documented
T2,2026-02-02T18:00:00Z,2026-02-03T05:00:00Z,11,0.03450593241872224,2026-02-01T00:00,sha256:071928f407ba189f1d74b42e9e9ac8b1c0b71991dbfd32c9574f67294a09100f,archive,provider_documented
T2,2026-02-02T18:00:00Z,2026-02-03T06:00:00Z,12,0.1591638374898754,2026-02-01T00:00,sha256:071928f407ba189f1d74b42e9e9ac8b1c0b71991dbfd32c9574f67294a09100f,archive,provider_documented
T2,2026-02-02T18:00:00Z,2026-02-03T07:00:00Z,13,0.0842749215649658,2026-02-01T00:00,sha256:071928f407ba189f1d74b42e9e9ac8b1c0b71991dbfd32c9574f67294a09100f,archive,provider_documented
T2,2026-02-02T18:00:00Z,2026-02-03T08:00:00Z,14,0.21474314353053306,2026-02-01T00:00,sha256:071928f407ba189f1d74b42e9e9ac8b1c0b71991dbfd32c9574f67294a09100f,archive,provider_documented
T2,2026-02-02T18:00:00Z,2026-02-03T09:00:00Z,15,0.21474314353053306,2026-02-01T00:00,sha256:071928f407ba189f1d74b42e9e9ac8b1c0b71991dbfd32c9574f67294a09100f,archive,provider_documented
T2,2026-02-02T18:00:00Z,2026-02-03T10:00:00Z,16,0.24151184766422842,2026-02-01T00:00,sha256:071928f407ba189f1d74b42e9e9ac8b1c0b71991dbfd32c9574f67294a09100f,archive,provider_documented
T2,2026-02-02T18:00:00Z,2026-02-03T11:00:00Z,17,0.1591638374898754,2026-02-01T00:00,sha256:071928f407ba189f1d74b42e9e9ac8b1c0b71991dbfd32c9574f67294a09100f,archive,provider_documented
T2,2026-02-02T18:00:00Z,2026-02-03T12:00:00Z,18,0.21494364629665355,2026-02-01T00:00,sha256:071928f407ba189f1d74b42e9e9ac8b1c0b71991dbfd32c9574f67294a09100f,archive,provider_documented
T2,2026-02-02T18:00:00Z,2026-02-03T13:00:00Z,19,0.313129735732809,2026-02-01T00:00,sha256:071928f407ba189f1d74b42e9e9ac8b1c0b71991dbfd32c9574f67294a09100f,archive,provider_documented
T2,2026-02-02T18:00:00Z,2026-02-03T14:00:00Z,20,0.5932618425757619,2026-02-01T00:00,sha256:071928f407ba189f1d74b42e9e9ac8b1c0b71991dbfd32c9574f67294a09100f,archive,provider_documented
T2,2026-02-02T18:00:00Z,2026-02-03T15:00:00Z,21,0.514938375780192,2026-02-01T00:00,sha256:071928f407ba189f1d74b42e9e9ac8b1c0b71991dbfd32c9574f67294a09100f,archive,provider_documented
T2,2026-02-02T18:00:00Z,2026-02-03T16:00:00Z,22,0.21250773426089087,2026-02-01T00:00,sha256:071928f407ba189f1d74b42e9e9ac8b1c0b71991dbfd32c9574f67294a09100f,archive,provider_documented
T2,2026-02-02T18:00:00Z,2026-02-03T17:00:00Z,23,0.21250773426089087,2026-02-01T00:00,sha256:071928f407ba189f1d74b42e9e9ac8b1c0b71991dbfd32c9574f67294a09100f,archive,provider_documented
T2,2026-02-02T18:00:00Z,2026-02-03T18:00:00Z,24,0.20326209014459318,2026-02-01T00:00,sha256:071928f407ba189f1d74b42e9e9ac8b1c0b71991dbfd32c9574f67294a09100f,archive,provider_documented
T1,2026-02-03T18:00:00Z,2026-02-03T19:00:00Z,1,0.23784028456934056,2026-02-02T00:00,sha256:594ab96b14faef987df918ca088c7784f8964e26a17075bcc4a009b6d23b8b96,archive,provider_documented
T1,2026-02-03T18:00:00Z,2026-02-03T20:00:00Z,2,0.3293062067821451,2026-02-02T00:00,sha256:594ab96b14faef987df918ca088c7784f8964e26a17075bcc4a009b6d23b8b96,archive,provider_documented
T1,2026-02-03T18:00:00Z,2026-02-03T21:00:00Z,3,0.4443542945737407,2026-02-02T00:00,sha256:594ab96b14faef987df918ca088c7784f8964e26a17075bcc4a009b6d23b8b96,archive,provider_documented
T1,2026-02-03T18:00:00Z,2026-02-03T22:00:00Z,4,0.2725928592774388,2026-02-02T00:00,sha256:594ab96b14faef987df918ca088c7784f8964e26a17075bcc4a009b6d23b8b96,archive,provider_documented
T1,2026-02-03T18:00:00Z,2026-02-03T23:00:00Z,5,0.5158692353685734,2026-02-02T00:00,sha256:594ab96b14faef987df918ca088c7784f8964e26a17075bcc4a009b6d23b8b96,archive,provider_documented
T1,2026-02-03T18:00:00Z,2026-02-04T00:00:00Z,6,0.6684616162654987,2026-02-02T00:00,sha256:594ab96b14faef987df918ca088c7784f8964e26a17075bcc4a009b6d23b8b96,archive,provider_documented
T1,2026-02-03T18:00:00Z,2026-02-04T01:00:00Z,7,0.46716308023359504,2026-02-02T00:00,sha256:594ab96b14faef987df918ca088c7784f8964e26a17075bcc4a009b6d23b8b96,archive,provider_documented
T1,2026-02-03T18:00:00Z,2026-02-04T02:00:00Z,8,0.521494424021675,2026-02-02T00:00,sha256:594ab96b14faef987df918ca088c7784f8964e26a17075bcc4a009b6d23b8b96,archive,provider_documented
T1,2026-02-03T18:00:00Z,2026-02-04T03:00:00Z,9,0.5824973202459173,2026-02-02T00:00,sha256:594ab96b14faef987df918ca088c7784f8964e26a17075bcc4a009b6d23b8b96,archive,provider_documented
T1,2026-02-03T18:00:00Z,2026-02-04T04:00:00Z,10,0.39018617318702403,2026-02-02T00:00,sha256:594ab96b14faef987df918ca088c7784f8964e26a17075bcc4a009b6d23b8b96,archive,provider_documented
T1,2026-02-03T18:00:00Z,2026-02-04T05:00:00Z,11,0.2725928592774388,2026-02-02T00:00,sha256:594ab96b14faef987df918ca088c7784f8964e26a17075bcc4a009b6d23b8b96,archive,provider_documented
T1,2026-02-03T18:00:00Z,2026-02-04T06:00:00Z,12,0.2476507491429141,2026-02-02T00:00,sha256:594ab96b14faef987df918ca088c7784f8964e26a17075bcc4a009b6d23b8b96,archive,provider_documented
T1,2026-02-03T18:00:00Z,2026-02-04T07:00:00Z,13,0.23914453536292601,2026-02-02T00:00,sha256:594ab96b14faef987df918ca088c7784f8964e26a17075bcc4a009b6d23b8b96,archive,provider_documented
T1,2026-02-03T18:00:00Z,2026-02-04T08:00:00Z,14,0.23914453536292601,2026-02-02T00:00,sha256:594ab96b14faef987df918ca088c7784f8964e26a17075bcc4a009b6d23b8b96,archive,provider_documented
T1,2026-02-03T18:00:00Z,2026-02-04T09:00:00Z,15,0.2502567923073466,2026-02-02T00:00,sha256:594ab96b14faef987df918ca088c7784f8964e26a17075bcc4a009b6d23b8b96,archive,provider_documented
T1,2026-02-03T18:00:00Z,2026-02-04T10:00:00Z,16,0.23914453536292601,2026-02-02T00:00,sha256:594ab96b14faef987df918ca088c7784f8964e26a17075bcc4a009b6d23b8b96,archive,provider_documented
T1,2026-02-03T18:00:00Z,2026-02-04T11:00:00Z,17,0.01273521043889701,2026-02-02T00:00,sha256:594ab96b14faef987df918ca088c7784f8964e26a17075bcc4a009b6d23b8b96,archive,provider_documented
T1,2026-02-03T18:00:00Z,2026-02-04T12:00:00Z,18,0.010254980866220407,2026-02-02T00:00,sha256:594ab96b14faef987df918ca088c7784f8964e26a17075bcc4a009b6d23b8b96,archive,provider_documented
T1,2026-02-03T18:00:00Z,2026-02-04T13:00:00Z,19,0.115703265039679,2026-02-02T00:00,sha256:594ab96b14faef987df918ca088c7784f8964e26a17075bcc4a009b6d23b8b96,archive,provider_documented
T1,2026-02-03T18:00:00Z,2026-02-04T14:00:00Z,20,0.2280971531929797,2026-02-02T00:00,sha256:594ab96b14faef987df918ca088c7784f8964e26a17075bcc4a009b6d23b8b96,archive,provider_documented
T1,2026-02-03T18:00:00Z,2026-02-04T15:00:00Z,21,0.3275444783741722,2026-02-02T00:00,sha256:594ab96b14faef987df918ca088c7784f8964e26a17075bcc4a009b6d23b8b96,archive,provider_documented
T1,2026-02-03T18:00:00Z,2026-02-04T16:00:00Z,22,0.5948052611102344,2026-02-02T00:00,sha256:594ab96b14faef987df918ca088c7784f8964e26a17075bcc4a009b6d23b8b96,archive,provider_documented
T1,2026-02-03T18:00:00Z,2026-02-04T17:00:00Z,23,0.7016436078737346,2026-02-02T00:00,sha256:594ab96b14faef987df918ca088c7784f8964e26a17075bcc4a009b6d23b8b96,archive,provider_documented
T1,2026-02-03T18:00:00Z,2026-02-04T18:00:00Z,24,0.8340855563578548,2026-02-02T00:00,sha256:594ab96b14faef987df918ca088c7784f8964e26a17075bcc4a009b6d23b8b96,archive,provider_documented
T2,2026-02-03T18:00:00Z,2026-02-03T19:00:00Z,1,0.21250773426089087,2026-02-02T00:00,sha256:071928f407ba189f1d74b42e9e9ac8b1c0b71991dbfd32c9574f67294a09100f,archive,provider_documented
T2,2026-02-03T18:00:00Z,2026-02-03T20:00:00Z,2,0.2838478191273849,2026-02-02T00:00,sha256:071928f407ba189f1d74b42e9e9ac8b1c0b71991dbfd32c9574f67294a09100f,archive,provider_documented
T2,2026-02-03T18:00:00Z,2026-02-03T21:00:00Z,3,0.3931494947986558,2026-02-02T00:00,sha256:071928f407ba189f1d74b42e9e9ac8b1c0b71991dbfd32c9574f67294a09100f,archive,provider_documented
T2,2026-02-03T18:00:00Z,2026-02-03T22:00:00Z,4,0.24868753467367913,2026-02-02T00:00,sha256:071928f407ba189f1d74b42e9e9ac8b1c0b71991dbfd32c9574f67294a09100f,archive,provider_documented
T2,2026-02-03T18:00:00Z,2026-02-03T23:00:00Z,5,0.5230502839648575,2026-02-02T00:00,sha256:071928f407ba189f1d74b42e9e9ac8b1c0b71991dbfd32c9574f67294a09100f,archive,provider_documented
T2,2026-02-03T18:00:00Z,2026-02-04T00:00:00Z,6,0.5945626486093376,2026-02-02T00:00,sha256:071928f407ba189f1d74b42e9e9ac8b1c0b71991dbfd32c9574f67294a09100f,archive,provider_documented
T2,2026-02-03T18:00:00Z,2026-02-04T01:00:00Z,7,0.4224806639551608,2026-02-02T00:00,sha256:071928f407ba189f1d74b42e9e9ac8b1c0b71991dbfd32c9574f67294a09100f,archive,provider_documented
T2,2026-02-03T18:00:00Z,2026-02-04T02:00:00Z,8,0.5320754831730939,2026-02-02T00:00,sha256:071928f407ba189f1d74b42e9e9ac8b1c0b71991dbfd32c9574f67294a09100f,archive,provider_documented
T2,2026-02-03T18:00:00Z,2026-02-04T03:00:00Z,9,0.5945626486093376,2026-02-02T00:00,sha256:071928f407ba189f1d74b42e9e9ac8b1c0b71991dbfd32c9574f67294a09100f,archive,provider_documented
T2,2026-02-03T18:00:00Z,2026-02-04T04:00:00Z,10,0.386126707198433,2026-02-02T00:00,sha256:071928f407ba189f1d74b42e9e9ac8b1c0b71991dbfd32c9574f67294a09100f,archive,provider_documented
T2,2026-02-03T18:00:00Z,2026-02-04T05:00:00Z,11,0.24868753467367913,2026-02-02T00:00,sha256:071928f407ba189f1d74b42e9e9ac8b1c0b71991dbfd32c9574f67294a09100f,archive,provider_documented
T2,2026-02-03T18:00:00Z,2026-02-04T06:00:00Z,12,0.21494364629665355,2026-02-02T00:00,sha256:071928f407ba189f1d74b42e9e9ac8b1c0b71991dbfd32c9574f67294a09100f,archive,provider_documented
T2,2026-02-03T18:00:00Z,2026-02-04T07:00:00Z,13,0.21494364629665355,2026-02-02T00:00,sha256:071928f407ba189f1d74b42e9e9ac8b1c0b71991dbfd32c9574f67294a09100f,archive,provider_documented
T2,2026-02-03T18:00:00Z,2026-02-04T08:00:00Z,14,0.21474314353053306,2026-02-02T00:00,sha256:071928f407ba189f1d74b42e9e9ac8b1c0b71991dbfd32c9574f67294a09100f,archive,provider_documented
T2,2026-02-03T18:00:00Z,2026-02-04T09:00:00Z,15,0.24151184766422842,2026-02-02T00:00,sha256:071928f407ba189f1d74b42e9e9ac8b1c0b71991dbfd32c9574f67294a09100f,archive,provider_documented
T2,2026-02-03T18:00:00Z,2026-02-04T10:00:00Z,16,0.21474314353053306,2026-02-02T00:00,sha256:071928f407ba189f1d74b42e9e9ac8b1c0b71991dbfd32c9574f67294a09100f,archive,provider_documented
T2,2026-02-03T18:00:00Z,2026-02-04T11:00:00Z,17,0.010655423742723293,2026-02-02T00:00,sha256:071928f407ba189f1d74b42e9e9ac8b1c0b71991dbfd32c9574f67294a09100f,archive,provider_documented
T2,2026-02-03T18:00:00Z,2026-02-04T12:00:00Z,18,0.010008242671297135,2026-02-02T00:00,sha256:071928f407ba189f1d74b42e9e9ac8b1c0b71991dbfd32c9574f67294a09100f,archive,provider_documented
T2,2026-02-03T18:00:00Z,2026-02-04T13:00:00Z,19,0.09948629033360125,2026-02-02T00:00,sha256:071928f407ba189f1d74b42e9e9ac8b1c0b71991dbfd32c9574f67294a09100f,archive,provider_documented
T2,2026-02-03T18:00:00Z,2026-02-04T14:00:00Z,20,0.1973960144918519,2026-02-02T00:00,sha256:071928f407ba189f1d74b42e9e9ac8b1c0b71991dbfd32c9574f67294a09100f,archive,provider_documented
T2,2026-02-03T18:00:00Z,2026-02-04T15:00:00Z,21,0.3191900303232934,2026-02-02T00:00,sha256:071928f407ba189f1d74b42e9e9ac8b1c0b71991dbfd32c9574f67294a09100f,archive,provider_documented
T2,2026-02-03T18:00:00Z,2026-02-04T16:00:00Z,22,0.5525246021455751,2026-02-02T00:00,sha256:071928f407ba189f1d74b42e9e9ac8b1c0b71991dbfd32c9574f67294a09100f,archive,provider_documented
T2,2026-02-03T18:00:00Z,2026-02-04T17:00:00Z,23,0.6970022718939473,2026-02-02T00:00,sha256:071928f407ba189f1d74b42e9e9ac8b1c0b71991dbfd32c9574f67294a09100f,archive,provider_documented
T2,2026-02-03T18:00:00Z,2026-02-04T18:00:00Z,24,0.829635857593396,2026-02-02T00:00,sha256:071928f407ba189f1d74b42e9e9ac8b1c0b71991dbfd32c9574f67294a09100f,archive,provider_documented
T1,2026-02-04T18:00:00Z,2026-02-04T19:00:00Z,1,0.7016436078737346,2026-02-03T00:00,sha256:594ab96b14faef987df918ca088c7784f8964e26a17075bcc4a009b6d23b8b96,archive,provider_documented
T1,2026-02-04T18:00:00Z,2026-02-04T20:00:00Z,2,0.8159957386495215,2026-02-03T00:00,sha256:594ab96b14faef987df918ca088c7784f8964e26a17075bcc4a009b6d23b8b96,archive,provider_documented
T1,2026-02-04T18:00:00Z,2026-02-04T21:00:00Z,3,0.8986718395968637,2026-02-03T00:00,sha256:594ab96b14faef987df918ca088c7784f8964e26a17075bcc4a009b6d23b8b96,archive,provider_documented
T1,2026-02-04T18:00:00Z,2026-02-04T22:00:00Z,4,0.9335905259595965,2026-02-03T00:00,sha256:594ab96b14faef987df918ca088c7784f8964e26a17075bcc4a009b6d23b8b96,archive,provider_documented
T1,2026-02-04T18:00:00Z,2026-02-04T23:00:00Z,5,0.982957845622831,2026-02-03T00:00,sha256:594ab96b14faef987df918ca088c7784f8964e26a17075bcc4a009b6d23b8b96,archive,provider_documented
T1,2026-02-04T18:00:00Z,2026-02-05T00:00:00Z,6,0.9900201783350949,2026-02-03T00:00,sha256:594ab96b14faef987df918ca088c7784f8964e26a17075bcc4a009b6d23b8b96,archive,provider_documented
T1,2026-02-04T18:00:00Z,2026-02-05T01:00:00Z,7,0.990563346414671,2026-02-03T00:00,sha256:594ab96b14faef987df918ca088c7784f8964e26a17075bcc4a009b6d23b8b96,archive,provider_documented
T1,2026-02-04T18:00:00Z,2026-02-05T02:00:00Z,8,0.990563346414671,2026-02-03T00:00,sha256:594ab96b14faef987df918ca088c7784f8964e26a17075bcc4a009b6d23b8b96,archive,provider_documented
T1,2026-02-04T18:00:00Z,2026-02-05T03:00:00Z,9,0.9881722292348576,2026-02-03T00:00,sha256:594ab96b14faef987df918ca088c7784f8964e26a17075bcc4a009b6d23b8b96,archive,provider_documented
T1,2026-02-04T18:00:00Z,2026-02-05T04:00:00Z,10,0.9891426772570859,2026-02-03T00:00,sha256:594ab96b14faef987df918ca088c7784f8964e26a17075bcc4a009b6d23b8b96,archive,provider_documented
T1,2026-02-04T18:00:00Z,2026-02-05T05:00:00Z,11,0.9895012178550335,2026-02-03T00:00,sha256:594ab96b14faef987df918ca088c7784f8964e26a17075bcc4a009b6d23b8b96,archive,provider_documented
T1,2026-02-04T18:00:00Z,2026-02-05T06:00:00Z,12,0.9899722069308778,2026-02-03T00:00,sha256:594ab96b14faef987df918ca088c7784f8964e26a17075bcc4a009b6d23b8b96,archive,provider_documented
T1,2026-02-04T18:00:00Z,2026-02-05T07:00:00Z,13,0.9899722069308778,2026-02-03T00:00,sha256:594ab96b14faef987df918ca088c7784f8964e26a17075bcc4a009b6d23b8b96,archive,provider_documented
T1,2026-02-04T18:00:00Z,2026-02-05T08:00:00Z,14,0.9899722069308778,2026-02-03T00:00,sha256:594ab96b14faef987df918ca088c7784f8964e26a17075bcc4a009b6d23b8b96,archive,provider_documented
T1,2026-02-04T18:00:00Z,2026-02-05T09:00:00Z,15,0.9899722069308778,2026-02-03T00:00,sha256:594ab96b14faef987df918ca088c7784f8964e26a17075bcc4a009b6d23b8b96,archive,provider_documented
T1,2026-02-04T18:00:00Z,2026-02-05T10:00:00Z,16,0.9669729554062383,2026-02-03T00:00,sha256:594ab96b14faef987df918ca088c7784f8964e26a17075bcc4a009b6d23b8b96,archive,provider_documented
T1,2026-02-04T18:00:00Z,2026-02-05T11:00:00Z,17,0.9380574697375926,2026-02-03T00:00,sha256:594ab96b14faef987df918ca088c7784f8964e26a17075bcc4a009b6d23b8b96,archive,provider_documented
T1,2026-02-04T18:00:00Z,2026-02-05T12:00:00Z,18,0.7073849073683648,2026-02-03T00:00,sha256:594ab96b14faef987df918ca088c7784f8964e26a17075bcc4a009b6d23b8b96,archive,provider_documented
T1,2026-02-04T18:00:00Z,2026-02-05T13:00:00Z,19,0.5277647860549761,2026-02-03T00:00,sha256:594ab96b14faef987df918ca088c7784f8964e26a17075bcc4a009b6d23b8b96,archive,provider_documented
T1,2026-02-04T18:00:00Z,2026-02-05T14:00:00Z,20,0.31035561283992297,2026-02-03T00:00,sha256:594ab96b14faef987df918ca088c7784f8964e26a17075bcc4a009b6d23b8b96,archive,provider_documented
T1,2026-02-04T18:00:00Z,2026-02-05T15:00:00Z,21,0.5277647860549761,2026-02-03T00:00,sha256:594ab96b14faef987df918ca088c7784f8964e26a17075bcc4a009b6d23b8b96,archive,provider_documented
T1,2026-02-04T18:00:00Z,2026-02-05T16:00:00Z,22,0.5948052611102344,2026-02-03T00:00,sha256:594ab96b14faef987df918ca088c7784f8964e26a17075bcc4a009b6d23b8b96,archive,provider_documented
T1,2026-02-04T18:00:00Z,2026-02-05T17:00:00Z,23,0.6760266868962884,2026-02-03T00:00,sha256:594ab96b14faef987df918ca088c7784f8964e26a17075bcc4a009b6d23b8b96,archive,provider_documented
T1,2026-02-04T18:00:00Z,2026-02-05T18:00:00Z,24,0.6760266868962884,2026-02-03T00:00,sha256:594ab96b14faef987df918ca088c7784f8964e26a17075bcc4a009b6d23b8b96,archive,provider_documented
T2,2026-02-04T18:00:00Z,2026-02-04T19:00:00Z,1,0.6990571491881716,2026-02-03T00:00,sha256:071928f407ba189f1d74b42e9e9ac8b1c0b71991dbfd32c9574f67294a09100f,archive,provider_documented
T2,2026-02-04T18:00:00Z,2026-02-04T20:00:00Z,2,0.8117751602301146,2026-02-03T00:00,sha256:071928f407ba189f1d74b42e9e9ac8b1c0b71991dbfd32c9574f67294a09100f,archive,provider_documented
T2,2026-02-04T18:00:00Z,2026-02-04T21:00:00Z,3,0.9062510609470107,2026-02-03T00:00,sha256:071928f407ba189f1d74b42e9e9ac8b1c0b71991dbfd32c9574f67294a09100f,archive,provider_documented
T2,2026-02-04T18:00:00Z,2026-02-04T22:00:00Z,4,0.9530440134616782,2026-02-03T00:00,sha256:071928f407ba189f1d74b42e9e9ac8b1c0b71991dbfd32c9574f67294a09100f,archive,provider_documented
T2,2026-02-04T18:00:00Z,2026-02-04T23:00:00Z,5,0.9723243666981551,2026-02-03T00:00,sha256:071928f407ba189f1d74b42e9e9ac8b1c0b71991dbfd32c9574f67294a09100f,archive,provider_documented
T2,2026-02-04T18:00:00Z,2026-02-05T00:00:00Z,6,0.9791241963404409,2026-02-03T00:00,sha256:071928f407ba189f1d74b42e9e9ac8b1c0b71991dbfd32c9574f67294a09100f,archive,provider_documented
T2,2026-02-04T18:00:00Z,2026-02-05T01:00:00Z,7,0.9741823038548068,2026-02-03T00:00,sha256:071928f407ba189f1d74b42e9e9ac8b1c0b71991dbfd32c9574f67294a09100f,archive,provider_documented
T2,2026-02-04T18:00:00Z,2026-02-05T02:00:00Z,8,0.9725514015927548,2026-02-03T00:00,sha256:071928f407ba189f1d74b42e9e9ac8b1c0b71991dbfd32c9574f67294a09100f,archive,provider_documented
T2,2026-02-04T18:00:00Z,2026-02-05T03:00:00Z,9,0.9699729236460276,2026-02-03T00:00,sha256:071928f407ba189f1d74b42e9e9ac8b1c0b71991dbfd32c9574f67294a09100f,archive,provider_documented
T2,2026-02-04T18:00:00Z,2026-02-05T04:00:00Z,10,0.9699729236460276,2026-02-03T00:00,sha256:071928f407ba189f1d74b42e9e9ac8b1c0b71991dbfd32c9574f67294a09100f,archive,provider_documented
T2,2026-02-04T18:00:00Z,2026-02-05T05:00:00Z,11,0.9699729236460276,2026-02-03T00:00,sha256:071928f407ba189f1d74b42e9e9ac8b1c0b71991dbfd32c9574f67294a09100f,archive,provider_documented
T2,2026-02-04T18:00:00Z,2026-02-05T06:00:00Z,12,0.9699729236460276,2026-02-03T00:00,sha256:071928f407ba189f1d74b42e9e9ac8b1c0b71991dbfd32c9574f67294a09100f,archive,provider_documented
T2,2026-02-04T18:00:00Z,2026-02-05T07:00:00Z,13,0.9699729236460276,2026-02-03T00:00,sha256:071928f407ba189f1d74b42e9e9ac8b1c0b71991dbfd32c9574f67294a09100f,archive,provider_documented
T2,2026-02-04T18:00:00Z,2026-02-05T08:00:00Z,14,0.9699729236460276,2026-02-03T00:00,sha256:071928f407ba189f1d74b42e9e9ac8b1c0b71991dbfd32c9574f67294a09100f,archive,provider_documented
T2,2026-02-04T18:00:00Z,2026-02-05T09:00:00Z,15,0.9699729236460276,2026-02-03T00:00,sha256:071928f407ba189f1d74b42e9e9ac8b1c0b71991dbfd32c9574f67294a09100f,archive,provider_documented
T2,2026-02-04T18:00:00Z,2026-02-05T10:00:00Z,16,0.9579046408605664,2026-02-03T00:00,sha256:071928f407ba189f1d74b42e9e9ac8b1c0b71991dbfd32c9574f67294a09100f,archive,provider_documented
T2,2026-02-04T18:00:00Z,2026-02-05T11:00:00Z,17,0.937799281266958,2026-02-03T00:00,sha256:071928f407ba189f1d74b42e9e9ac8b1c0b71991dbfd32c9574f67294a09100f,archive,provider_documented
T2,2026-02-04T18:00:00Z,2026-02-05T12:00:00Z,18,0.665820447917439,2026-02-03T00:00,sha256:071928f407ba189f1d74b42e9e9ac8b1c0b71991dbfd32c9574f67294a09100f,archive,provider_documented
T2,2026-02-04T18:00:00Z,2026-02-05T13:00:00Z,19,0.536899413019943,2026-02-03T00:00,sha256:071928f407ba189f1d74b42e9e9ac8b1c0b71991dbfd32c9574f67294a09100f,archive,provider_documented
T2,2026-02-04T18:00:00Z,2026-02-05T14:00:00Z,20,0.29242132618959793,2026-02-03T00:00,sha256:071928f407ba189f1d74b42e9e9ac8b1c0b71991dbfd32c9574f67294a09100f,archive,provider_documented
T2,2026-02-04T18:00:00Z,2026-02-05T15:00:00Z,21,0.536899413019943,2026-02-03T00:00,sha256:071928f407ba189f1d74b42e9e9ac8b1c0b71991dbfd32c9574f67294a09100f,archive,provider_documented
T2,2026-02-04T18:00:00Z,2026-02-05T16:00:00Z,22,0.5525246021455751,2026-02-03T00:00,sha256:071928f407ba189f1d74b42e9e9ac8b1c0b71991dbfd32c9574f67294a09100f,archive,provider_documented
T2,2026-02-04T18:00:00Z,2026-02-05T17:00:00Z,23,0.6192130369432061,2026-02-03T00:00,sha256:071928f407ba189f1d74b42e9e9ac8b1c0b71991dbfd32c9574f67294a09100f,archive,provider_documented
T2,2026-02-04T18:00:00Z,2026-02-05T18:00:00Z,24,0.6192130369432061,2026-02-03T00:00,sha256:071928f407ba189f1d74b42e9e9ac8b1c0b71991dbfd32c9574f67294a09100f,archive,provider_documented
T1,2026-02-05T18:00:00Z,2026-02-05T19:00:00Z,1,0.47343344226689615,2026-02-04T00:00,sha256:594ab96b14faef987df918ca088c7784f8964e26a17075bcc4a009b6d23b8b96,archive,provider_documented
T1,2026-02-05T18:00:00Z,2026-02-05T20:00:00Z,2,0.47343344226689615,2026-02-04T00:00,sha256:594ab96b14faef987df918ca088c7784f8964e26a17075bcc4a009b6d23b8b96,archive,provider_documented
T1,2026-02-05T18:00:00Z,2026-02-05T21:00:00Z,3,0.3275444783741722,2026-02-04T00:00,sha256:594ab96b14faef987df918ca088c7784f8964e26a17075bcc4a009b6d23b8b96,archive,provider_documented
T1,2026-02-05T18:00:00Z,2026-02-05T22:00:00Z,4,0.1218260723313457,2026-02-04T00:00,sha256:594ab96b14faef987df918ca088c7784f8964e26a17075bcc4a009b6d23b8b96,archive,provider_documented
T1,2026-02-05T18:00:00Z,2026-02-05T23:00:00Z,5,0.01416269355567246,2026-02-04T00:00,sha256:594ab96b14faef987df918ca088c7784f8964e26a17075bcc4a009b6d23b8b96,archive,provider_documented
T1,2026-02-05T18:00:00Z,2026-02-06T00:00:00Z,6,0.23421996048464636,2026-02-04T00:00,sha256:594ab96b14faef987df918ca088c7784f8964e26a17075bcc4a009b6d23b8b96,archive,provider_documented
T1,2026-02-05T18:00:00Z,2026-02-06T01:00:00Z,7,0.5948052611102344,2026-02-04T00:00,sha256:594ab96b14faef987df918ca088c7784f8964e26a17075bcc4a009b6d23b8b96,archive,provider_documented
T1,2026-02-05T18:00:00Z,2026-02-06T02:00:00Z,8,0.154222506633077,2026-02-04T00:00,sha256:594ab96b14faef987df918ca088c7784f8964e26a17075bcc4a009b6d23b8b96,archive,provider_documented
T1,2026-02-05T18:00:00Z,2026-02-06T03:00:00Z,9,0.1440544147506241,2026-02-04T00:00,sha256:594ab96b14faef987df918ca088c7784f8964e26a17075bcc4a009b6d23b8b96,archive,provider_documented
T1,2026-02-05T18:00:00Z,2026-02-06T04:00:00Z,10,0.8250693913547423,2026-02-04T00:00,sha256:594ab96b14faef987df918ca088c7784f8964e26a17075bcc4a009b6d23b8b96,archive,provider_documented
T1,2026-02-05T18:00:00Z,2026-02-06T05:00:00Z,11,0.9899995193622264,2026-02-04T00:00,sha256:594ab96b14faef987df918ca088c7784f8964e26a17075bcc4a009b6d23b8b96,archive,provider_documented
T1,2026-02-05T18:00:00Z,2026-02-06T06:00:00Z,12,0.9676502054383525,2026-02-04T00:00,sha256:594ab96b14faef987df918ca088c7784f8964e26a17075bcc4a009b6d23b8b96,archive,provider_documented
T1,2026-02-05T18:00:00Z,2026-02-06T07:00:00Z,13,0.9796728212995793,2026-02-04T00:00,sha256:594ab96b14faef987df918ca088c7784f8964e26a17075bcc4a009b6d23b8b96,archive,provider_documented
T1,2026-02-05T18:00:00Z,2026-02-06T08:00:00Z,14,0.989319924732472,2026-02-04T00:00,sha256:594ab96b14faef987df918ca088c7784f8964e26a17075bcc4a009b6d23b8b96,archive,provider_documented
T1,2026-02-05T18:00:00Z,2026-02-06T09:00:00Z,15,0.9899722069308778,2026-02-04T00:00,sha256:594ab96b14faef987df918ca088c7784f8964e26a17075bcc4a009b6d23b8b96,archive,provider_documented
T1,2026-02-05T18:00:00Z,2026-02-06T10:00:00Z,16,0.9899722069308778,2026-02-04T00:00,sha256:594ab96b14faef987df918ca088c7784f8964e26a17075bcc4a009b6d23b8b96,archive,provider_documented
T1,2026-02-05T18:00:00Z,2026-02-06T11:00:00Z,17,0.9796728212995793,2026-02-04T00:00,sha256:594ab96b14faef987df918ca088c7784f8964e26a17075bcc4a009b6d23b8b96,archive,provider_documented
T1,2026-02-05T18:00:00Z,2026-02-06T12:00:00Z,18,0.9822401757762416,2026-02-04T00:00,sha256:594ab96b14faef987df918ca088c7784f8964e26a17075bcc4a009b6d23b8b96,archive,provider_documented
T1,2026-02-05T18:00:00Z,2026-02-06T13:00:00Z,19,0.9891426772570859,2026-02-04T00:00,sha256:594ab96b14faef987df918ca088c7784f8964e26a17075bcc4a009b6d23b8b96,archive,provider_documented
T1,2026-02-05T18:00:00Z,2026-02-06T14:00:00Z,20,0.9899722069308778,2026-02-04T00:00,sha256:594ab96b14faef987df918ca088c7784f8964e26a17075bcc4a009b6d23b8b96,archive,provider_documented
T1,2026-02-05T18:00:00Z,2026-02-06T15:00:00Z,21,0.9899995193622264,2026-02-04T00:00,sha256:594ab96b14faef987df918ca088c7784f8964e26a17075bcc4a009b6d23b8b96,archive,provider_documented
T1,2026-02-05T18:00:00Z,2026-02-06T16:00:00Z,22,0.9881722292348576,2026-02-04T00:00,sha256:594ab96b14faef987df918ca088c7784f8964e26a17075bcc4a009b6d23b8b96,archive,provider_documented
T1,2026-02-05T18:00:00Z,2026-02-06T17:00:00Z,23,0.9824383998014361,2026-02-04T00:00,sha256:594ab96b14faef987df918ca088c7784f8964e26a17075bcc4a009b6d23b8b96,archive,provider_documented
T1,2026-02-05T18:00:00Z,2026-02-06T18:00:00Z,24,0.7016436078737346,2026-02-04T00:00,sha256:594ab96b14faef987df918ca088c7784f8964e26a17075bcc4a009b6d23b8b96,archive,provider_documented
T2,2026-02-05T18:00:00Z,2026-02-05T19:00:00Z,1,0.45979032161180333,2026-02-04T00:00,sha256:071928f407ba189f1d74b42e9e9ac8b1c0b71991dbfd32c9574f67294a09100f,archive,provider_documented
T2,2026-02-05T18:00:00Z,2026-02-05T20:00:00Z,2,0.45979032161180333,2026-02-04T00:00,sha256:071928f407ba189f1d74b42e9e9ac8b1c0b71991dbfd32c9574f67294a09100f,archive,provider_documented
T2,2026-02-05T18:00:00Z,2026-02-05T21:00:00Z,3,0.3191900303232934,2026-02-04T00:00,sha256:071928f407ba189f1d74b42e9e9ac8b1c0b71991dbfd32c9574f67294a09100f,archive,provider_documented
T2,2026-02-05T18:00:00Z,2026-02-05T22:00:00Z,4,0.1128281712791059,2026-02-04T00:00,sha256:071928f407ba189f1d74b42e9e9ac8b1c0b71991dbfd32c9574f67294a09100f,archive,provider_documented
T2,2026-02-05T18:00:00Z,2026-02-05T23:00:00Z,5,0.011058427682067691,2026-02-04T00:00,sha256:071928f407ba189f1d74b42e9e9ac8b1c0b71991dbfd32c9574f67294a09100f,archive,provider_documented
T2,2026-02-05T18:00:00Z,2026-02-06T00:00:00Z,6,0.21831250180617173,2026-02-04T00:00,sha256:071928f407ba189f1d74b42e9e9ac8b1c0b71991dbfd32c9574f67294a09100f,archive,provider_documented
T2,2026-02-05T18:00:00Z,2026-02-06T01:00:00Z,7,0.5525246021455751,2026-02-04T00:00,sha256:071928f407ba189f1d74b42e9e9ac8b1c0b71991dbfd32c9574f67294a09100f,archive,provider_documented
T2,2026-02-05T18:00:00Z,2026-02-06T02:00:00Z,8,0.1382863255847333,2026-02-04T00:00,sha256:071928f407ba189f1d74b42e9e9ac8b1c0b71991dbfd32c9574f67294a09100f,archive,provider_documented
T2,2026-02-05T18:00:00Z,2026-02-06T03:00:00Z,9,0.10865361130589517,2026-02-04T00:00,sha256:071928f407ba189f1d74b42e9e9ac8b1c0b71991dbfd32c9574f67294a09100f,archive,provider_documented
T2,2026-02-05T18:00:00Z,2026-02-06T04:00:00Z,10,0.8444441690276305,2026-02-04T00:00,sha256:071928f407ba189f1d74b42e9e9ac8b1c0b71991dbfd32c9574f67294a09100f,archive,provider_documented
T2,2026-02-05T18:00:00Z,2026-02-06T05:00:00Z,11,0.9699729236460276,2026-02-04T00:00,sha256:071928f407ba189f1d74b42e9e9ac8b1c0b71991dbfd32c9574f67294a09100f,archive,provider_documented
T2,2026-02-05T18:00:00Z,2026-02-06T06:00:00Z,12,0.969502828441713,2026-02-04T00:00,sha256:071928f407ba189f1d74b42e9e9ac8b1c0b71991dbfd32c9574f67294a09100f,archive,provider_documented
T2,2026-02-05T18:00:00Z,2026-02-06T07:00:00Z,13,0.968052204229603,2026-02-04T00:00,sha256:071928f407ba189f1d74b42e9e9ac8b1c0b71991dbfd32c9574f67294a09100f,archive,provider_documented
T2,2026-02-05T18:00:00Z,2026-02-06T08:00:00Z,14,0.9699729236460276,2026-02-04T00:00,sha256:071928f407ba189f1d74b42e9e9ac8b1c0b71991dbfd32c9574f67294a09100f,archive,provider_documented
T2,2026-02-05T18:00:00Z,2026-02-06T09:00:00Z,15,0.9699729236460276,2026-02-04T00:00,sha256:071928f407ba189f1d74b42e9e9ac8b1c0b71991dbfd32c9574f67294a09100f,archive,provider_documented
T2,2026-02-05T18:00:00Z,2026-02-06T10:00:00Z,16,0.9699729236460276,2026-02-04T00:00,sha256:071928f407ba189f1d74b42e9e9ac8b1c0b71991dbfd32c9574f67294a09100f,archive,provider_documented
T2,2026-02-05T18:00:00Z,2026-02-06T11:00:00Z,17,0.969683106491655,2026-02-04T00:00,sha256:071928f407ba189f1d74b42e9e9ac8b1c0b71991dbfd32c9574f67294a09100f,archive,provider_documented
T2,2026-02-05T18:00:00Z,2026-02-06T12:00:00Z,18,0.9714760194083358,2026-02-04T00:00,sha256:071928f407ba189f1d74b42e9e9ac8b1c0b71991dbfd32c9574f67294a09100f,archive,provider_documented
T2,2026-02-05T18:00:00Z,2026-02-06T13:00:00Z,19,0.9699729236460276,2026-02-04T00:00,sha256:071928f407ba189f1d74b42e9e9ac8b1c0b71991dbfd32c9574f67294a09100f,archive,provider_documented
T2,2026-02-05T18:00:00Z,2026-02-06T14:00:00Z,20,0.9699729236460276,2026-02-04T00:00,sha256:071928f407ba189f1d74b42e9e9ac8b1c0b71991dbfd32c9574f67294a09100f,archive,provider_documented
T2,2026-02-05T18:00:00Z,2026-02-06T15:00:00Z,21,0.9699729236460276,2026-02-04T00:00,sha256:071928f407ba189f1d74b42e9e9ac8b1c0b71991dbfd32c9574f67294a09100f,archive,provider_documented
T2,2026-02-05T18:00:00Z,2026-02-06T16:00:00Z,22,0.9699553001842592,2026-02-04T00:00,sha256:071928f407ba189f1d74b42e9e9ac8b1c0b71991dbfd32c9574f67294a09100f,archive,provider_documented
T2,2026-02-05T18:00:00Z,2026-02-06T17:00:00Z,23,0.9670828198951305,2026-02-04T00:00,sha256:071928f407ba189f1d74b42e9e9ac8b1c0b71991dbfd32c9574f67294a09100f,archive,provider_documented
T2,2026-02-05T18:00:00Z,2026-02-06T18:00:00Z,24,0.6960683102324345,2026-02-04T00:00,sha256:071928f407ba189f1d74b42e9e9ac8b1c0b71991dbfd32c9574f67294a09100f,archive,provider_documented
T1,2026-02-06T18:00:00Z,2026-02-06T19:00:00Z,1,0.9824383998014361,2026-02-05T00:00,sha256:594ab96b14faef987df918ca088c7784f8964e26a17075bcc4a009b6d23b8b96,archive,provider_documented
T1,2026-02-06T18:00:00Z,2026-02-06T20:00:00Z,2,0.8497345335062924,2026-02-05T00:00,sha256:594ab96b14faef987df918ca088c7784f8964e26a17075bcc4a009b6d23b8b96,archive,provider_documented
T1,2026-02-06T18:00:00Z,2026-02-06T21:00:00Z,3,0.6720643998401706,2026-02-05T00:00,sha256:594ab96b14faef987df918ca088c7784f8964e26a17075bcc4a009b6d23b8b96,archive,provider_documented
T1,2026-02-06T18:00:00Z,2026-02-06T22:00:00Z,4,0.5948052611102344,2026-02-05T00:00,sha256:594ab96b14faef987df918ca088c7784f8964e26a17075bcc4a009b6d23b8b96,archive,provider_documented
T1,2026-02-06T18:00:00Z,2026-02-06T23:00:00Z,5,0.44284626290504064,2026-02-05T00:00,sha256:594ab96b14faef987df918ca088c7784f8964e26a17075bcc4a009b6d23b8b96,archive,provider_documented
T1,2026-02-06T18:00:00Z,2026-02-07T00:00:00Z,6,0.31035561283992297,2026-02-05T00:00,sha256:594ab96b14faef987df918ca088c7784f8964e26a17075bcc4a009b6d23b8b96,archive,provider_documented
T1,2026-02-06T18:00:00Z,2026-02-07T01:00:00Z,7,0.15017722204229075,2026-02-05T00:00,sha256:594ab96b14faef987df918ca088c7784f8964e26a17075bcc4a009b6d23b8b96,archive,provider_documented
T1,2026-02-06T18:00:00Z,2026-02-07T02:00:00Z,8,0.011787929746785891,2026-02-05T00:00,sha256:594ab96b14faef987df918ca088c7784f8964e26a17075bcc4a009b6d23b8b96,archive,provider_documented
T1,2026-02-06T18:00:00Z,2026-02-07T03:00:00Z,9,0.010254980866220407,2026-02-05T00:00,sha256:594ab96b14faef987df918ca088c7784f8964e26a17075bcc4a009b6d23b8b96,archive,provider_documented
T1,2026-02-06T18:00:00Z,2026-02-07T04:00:00Z,10,0.06604818202409658,2026-02-05T00:00,sha256:594ab96b14faef987df918ca088c7784f8964e26a17075bcc4a009b6d23b8b96,archive,provider_documented
T1,2026-02-06T18:00:00Z,2026-02-07T05:00:00Z,11,0.07022713308016194,2026-02-05T00:00,sha256:594ab96b14faef987df918ca088c7784f8964e26a17075bcc4a009b6d23b8b96,archive,provider_documented
T1,2026-02-06T18:00:00Z,2026-02-07T06:00:00Z,12,0.14153995096221625,2026-02-05T00:00,sha256:594ab96b14faef987df918ca088c7784f8964e26a17075bcc4a009b6d23b8b96,archive,provider_documented
T1,2026-02-06T18:00:00Z,2026-02-07T07:00:00Z,13,0.39018617318702403,2026-02-05T00:00,sha256:594ab96b14faef987df918ca088c7784f8964e26a17075bcc4a009b6d23b8b96,archive,provider_documented
T1,2026-02-06T18:00:00Z,2026-02-07T08:00:00Z,14,0.5117651689257205,2026-02-05T00:00,sha256:594ab96b14faef987df918ca088c7784f8964e26a17075bcc4a009b6d23b8b96,archive,provider_documented
T1,2026-02-06T18:00:00Z,2026-02-07T09:00:00Z,15,0.5693413697564894,2026-02-05T00:00,sha256:594ab96b14faef987df918ca088c7784f8964e26a17075bcc4a009b6d23b8b96,archive,provider_documented
T1,2026-02-06T18:00:00Z,2026-02-07T10:00:00Z,16,0.511072665507281,2026-02-05T00:00,sha256:594ab96b14faef987df918ca088c7784f8964e26a17075bcc4a009b6d23b8b96,archive,provider_documented
T1,2026-02-06T18:00:00Z,2026-02-07T11:00:00Z,17,0.47343344226689615,2026-02-05T00:00,sha256:594ab96b14faef987df918ca088c7784f8964e26a17075bcc4a009b6d23b8b96,archive,provider_documented
T1,2026-02-06T18:00:00Z,2026-02-07T12:00:00Z,18,0.049446989376198826,2026-02-05T00:00,sha256:594ab96b14faef987df918ca088c7784f8964e26a17075bcc4a009b6d23b8b96,archive,provider_documented
T1,2026-02-06T18:00:00Z,2026-02-07T13:00:00Z,19,0.1218260723313457,2026-02-05T00:00,sha256:594ab96b14faef987df918ca088c7784f8964e26a17075bcc4a009b6d23b8b96,archive,provider_documented
T1,2026-02-06T18:00:00Z,2026-02-07T14:00:00Z,20,0.8340855563578548,2026-02-05T00:00,sha256:594ab96b14faef987df918ca088c7784f8964e26a17075bcc4a009b6d23b8b96,archive,provider_documented
T1,2026-02-06T18:00:00Z,2026-02-07T15:00:00Z,21,0.9140867974191165,2026-02-05T00:00,sha256:594ab96b14faef987df918ca088c7784f8964e26a17075bcc4a009b6d23b8b96,archive,provider_documented
T1,2026-02-06T18:00:00Z,2026-02-07T16:00:00Z,22,0.9536849586717,2026-02-05T00:00,sha256:594ab96b14faef987df918ca088c7784f8964e26a17075bcc4a009b6d23b8b96,archive,provider_documented
T1,2026-02-06T18:00:00Z,2026-02-07T17:00:00Z,23,0.9824383998014361,2026-02-05T00:00,sha256:594ab96b14faef987df918ca088c7784f8964e26a17075bcc4a009b6d23b8b96,archive,provider_documented
T1,2026-02-06T18:00:00Z,2026-02-07T18:00:00Z,24,0.9904502059553967,2026-02-05T00:00,sha256:594ab96b14faef987df918ca088c7784f8964e26a17075bcc4a009b6d23b8b96,archive,provider_documented
T2,2026-02-06T18:00:00Z,2026-02-06T19:00:00Z,1,0.9670828198951305,2026-02-05T00:00,sha256:071928f407ba189f1d74b42e9e9ac8b1c0b71991dbfd32c9574f67294a09100f,archive,provider_documented
T2,2026-02-06T18:00:00Z,2026-02-06T20:00:00Z,2,0.8421657238361329,2026-02-05T00:00,sha256:071928f407ba189f1d74b42e9e9ac8b1c0b71991dbfd32c9574f67294a09100f,archive,provider_documented
T2,2026-02-06T18:00:00Z,2026-02-06T21:00:00Z,3,0.6192130369432061,2026-02-05T00:00,sha256:071928f407ba189f1d74b42e9e9ac8b1c0b71991dbfd32c9574f67294a09100f,archive,provider_documented
T2,2026-02-06T18:00:00Z,2026-02-06T22:00:00Z,4,0.5545794794397995,2026-02-05T00:00,sha256:071928f407ba189f1d74b42e9e9ac8b1c0b71991dbfd32c9574f67294a09100f,archive,provider_documented
T2,2026-02-06T18:00:00Z,2026-02-06T23:00:00Z,5,0.43044957897182934,2026-02-05T00:00,sha256:071928f407ba189f1d74b42e9e9ac8b1c0b71991dbfd32c9574f67294a09100f,archive,provider_documented
T2,2026-02-06T18:00:00Z,2026-02-07T00:00:00Z,6,0.29242132618959793,2026-02-05T00:00,sha256:071928f407ba189f1d74b42e9e9ac8b1c0b71991dbfd32c9574f67294a09100f,archive,provider_documented
T2,2026-02-06T18:00:00Z,2026-02-07T01:00:00Z,7,0.12199549225139984,2026-02-05T00:00,sha256:071928f407ba189f1d74b42e9e9ac8b1c0b71991dbfd32c9574f67294a09100f,archive,provider_documented
T2,2026-02-06T18:00:00Z,2026-02-07T02:00:00Z,8,0.010301445237540003,2026-02-05T00:00,sha256:071928f407ba189f1d74b42e9e9ac8b1c0b71991dbfd32c9574f67294a09100f,archive,provider_documented
T2,2026-02-06T18:00:00Z,2026-02-07T03:00:00Z,9,0.010008242671297135,2026-02-05T00:00,sha256:071928f407ba189f1d74b42e9e9ac8b1c0b71991dbfd32c9574f67294a09100f,archive,provider_documented
T2,2026-02-06T18:00:00Z,2026-02-07T04:00:00Z,10,0.047200338878422766,2026-02-05T00:00,sha256:071928f407ba189f1d74b42e9e9ac8b1c0b71991dbfd32c9574f67294a09100f,archive,provider_documented
T2,2026-02-06T18:00:00Z,2026-02-07T05:00:00Z,11,0.06277761082665705,2026-02-05T00:00,sha256:071928f407ba189f1d74b42e9e9ac8b1c0b71991dbfd32c9574f67294a09100f,archive,provider_documented
T2,2026-02-06T18:00:00Z,2026-02-07T06:00:00Z,12,0.1229854116928463,2026-02-05T00:00,sha256:071928f407ba189f1d74b42e9e9ac8b1c0b71991dbfd32c9574f67294a09100f,archive,provider_documented
T2,2026-02-06T18:00:00Z,2026-02-07T07:00:00Z,13,0.386126707198433,2026-02-05T00:00,sha256:071928f407ba189f1d74b42e9e9ac8b1c0b71991dbfd32c9574f67294a09100f,archive,provider_documented
T2,2026-02-06T18:00:00Z,2026-02-07T08:00:00Z,14,0.47995724478822166,2026-02-05T00:00,sha256:071928f407ba189f1d74b42e9e9ac8b1c0b71991dbfd32c9574f67294a09100f,archive,provider_documented
T2,2026-02-06T18:00:00Z,2026-02-07T09:00:00Z,15,0.5321940274542913,2026-02-05T00:00,sha256:071928f407ba189f1d74b42e9e9ac8b1c0b71991dbfd32c9574f67294a09100f,archive,provider_documented
T2,2026-02-06T18:00:00Z,2026-02-07T10:00:00Z,16,0.47618495377256653,2026-02-05T00:00,sha256:071928f407ba189f1d74b42e9e9ac8b1c0b71991dbfd32c9574f67294a09100f,archive,provider_documented
T2,2026-02-06T18:00:00Z,2026-02-07T11:00:00Z,17,0.4551183816558819,2026-02-05T00:00,sha256:071928f407ba189f1d74b42e9e9ac8b1c0b71991dbfd32c9574f67294a09100f,archive,provider_documented
T2,2026-02-06T18:00:00Z,2026-02-07T12:00:00Z,18,0.03800119485175809,2026-02-05T00:00,sha256:071928f407ba189f1d74b42e9e9ac8b1c0b71991dbfd32c9574f67294a09100f,archive,provider_documented
T2,2026-02-06T18:00:00Z,2026-02-07T13:00:00Z,19,0.1128281712791059,2026-02-05T00:00,sha256:071928f407ba189f1d74b42e9e9ac8b1c0b71991dbfd32c9574f67294a09100f,archive,provider_documented
T2,2026-02-06T18:00:00Z,2026-02-07T14:00:00Z,20,0.8266470186376589,2026-02-05T00:00,sha256:071928f407ba189f1d74b42e9e9ac8b1c0b71991dbfd32c9574f67294a09100f,archive,provider_documented
T2,2026-02-06T18:00:00Z,2026-02-07T15:00:00Z,21,0.9160966678686497,2026-02-05T00:00,sha256:071928f407ba189f1d74b42e9e9ac8b1c0b71991dbfd32c9574f67294a09100f,archive,provider_documented
T2,2026-02-06T18:00:00Z,2026-02-07T16:00:00Z,22,0.9640290827690061,2026-02-05T00:00,sha256:071928f407ba189f1d74b42e9e9ac8b1c0b71991dbfd32c9574f67294a09100f,archive,provider_documented
T2,2026-02-06T18:00:00Z,2026-02-07T17:00:00Z,23,0.9763394430767898,2026-02-05T00:00,sha256:071928f407ba189f1d74b42e9e9ac8b1c0b71991dbfd32c9574f67294a09100f,archive,provider_documented
T2,2026-02-06T18:00:00Z,2026-02-07T18:00:00Z,24,0.9849930450003503,2026-02-05T00:00,sha256:071928f407ba189f1d74b42e9e9ac8b1c0b71991dbfd32c9574f67294a09100f,archive,provider_documented
T1,2026-02-07T18:00:00Z,2026-02-07T19:00:00Z,1,0.9838698396548899,2026-02-06T00:00,sha256:594ab96b14faef987df918ca088c7784f8964e26a17075bcc4a009b6d23b8b96,archive,provider_documented
T1,2026-02-07T18:00:00Z,2026-02-07T20:00:00Z,2,0.9705514335332921,2026-02-06T00:00,sha256:594ab96b14faef987df918ca088c7784f8964e26a17075bcc4a009b6d23b8b96,archive,provider_documented
T1,2026-02-07T18:00:00Z,2026-02-07T21:00:00Z,3,0.9122192282105315,2026-02-06T00:00,sha256:594ab96b14faef987df918ca088c7784f8964e26a17075bcc4a009b6d23b8b96,archive,provider_documented
T1,2026-02-07T18:00:00Z,2026-02-07T22:00:00Z,4,0.9001032794503173,2026-02-06T00:00,sha256:594ab96b14faef987df918ca088c7784f8964e26a17075bcc4a009b6d23b8b96,archive,provider_documented
T1,2026-02-07T18:00:00Z,2026-02-07T23:00:00Z,5,0.8340855563578548,2026-02-06T00:00,sha256:594ab96b14faef987df918ca088c7784f8964e26a17075bcc4a009b6d23b8b96,archive,provider_documented
T1,2026-02-07T18:00:00Z,2026-02-08T00:00:00Z,6,0.7016436078737346,2026-02-06T00:00,sha256:594ab96b14faef987df918ca088c7784f8964e26a17075bcc4a009b6d23b8b96,archive,provider_documented
T1,2026-02-07T18:00:00Z,2026-02-08T01:00:00Z,7,0.6511172690062413,2026-02-06T00:00,sha256:594ab96b14faef987df918ca088c7784f8964e26a17075bcc4a009b6d23b8b96,archive,provider_documented
T1,2026-02-07T18:00:00Z,2026-02-08T02:00:00Z,8,0.5277647860549761,2026-02-06T00:00,sha256:594ab96b14faef987df918ca088c7784f8964e26a17075bcc4a009b6d23b8b96,archive,provider_documented
T1,2026-02-07T18:00:00Z,2026-02-08T03:00:00Z,9,0.47343344226689615,2026-02-06T00:00,sha256:594ab96b14faef987df918ca088c7784f8964e26a17075bcc4a009b6d23b8b96,archive,provider_documented
T1,2026-02-07T18:00:00Z,2026-02-08T04:00:00Z,10,0.34137433156427643,2026-02-06T00:00,sha256:594ab96b14faef987df918ca088c7784f8964e26a17075bcc4a009b6d23b8b96,archive,provider_documented
T1,2026-02-07T18:00:00Z,2026-02-08T05:00:00Z,11,0.09448277287675279,2026-02-06T00:00,sha256:594ab96b14faef987df918ca088c7784f8964e26a17075bcc4a009b6d23b8b96,archive,provider_documented
T1,2026-02-07T18:00:00Z,2026-02-08T06:00:00Z,12,0.013411050080159435,2026-02-06T00:00,sha256:594ab96b14faef987df918ca088c7784f8964e26a17075bcc4a009b6d23b8b96,archive,provider_documented
T1,2026-02-07T18:00:00Z,2026-02-08T07:00:00Z,13,0.011787929746785891,2026-02-06T00:00,sha256:594ab96b14faef987df918ca088c7784f8964e26a17075bcc4a009b6d23b8b96,archive,provider_documented
T1,2026-02-07T18:00:00Z,2026-02-08T08:00:00Z,14,0.012566620357793564,2026-02-06T00:00,sha256:594ab96b14faef987df918ca088c7784f8964e26a17075bcc4a009b6d23b8b96,archive,provider_documented
T1,2026-02-07T18:00:00Z,2026-02-08T09:00:00Z,15,0.09287619154443717,2026-02-06T00:00,sha256:594ab96b14faef987df918ca088c7784f8964e26a17075bcc4a009b6d23b8b96,archive,provider_documented
T1,2026-02-07T18:00:00Z,2026-02-08T10:00:00Z,16,0.39018617318702403,2026-02-06T00:00,sha256:594ab96b14faef987df918ca088c7784f8964e26a17075bcc4a009b6d23b8b96,archive,provider_documented
T1,2026-02-07T18:00:00Z,2026-02-08T11:00:00Z,17,0.8986718395968637,2026-02-06T00:00,sha256:594ab96b14faef987df918ca088c7784f8964e26a17075bcc4a009b6d23b8b96,archive,provider_documented
T1,2026-02-07T18:00:00Z,2026-02-08T12:00:00Z,18,0.9935877982047459,2026-02-06T00:00,sha256:594ab96b14faef987df918ca088c7784f8964e26a17075bcc4a009b6d23b8b96,archive,provider_documented
T1,2026-02-07T18:00:00Z,2026-02-08T13:00:00Z,19,0.9935877982047459,2026-02-06T00:00,sha256:594ab96b14faef987df918ca088c7784f8964e26a17075bcc4a009b6d23b8b96,archive,provider_documented
T1,2026-02-07T18:00:00Z,2026-02-08T14:00:00Z,20,1.0,2026-02-06T00:00,sha256:594ab96b14faef987df918ca088c7784f8964e26a17075bcc4a009b6d23b8b96,archive,provider_documented
T1,2026-02-07T18:00:00Z,2026-02-08T15:00:00Z,21,0.9899922050836183,2026-02-06T00:00,sha256:594ab96b14faef987df918ca088c7784f8964e26a17075bcc4a009b6d23b8b96,archive,provider_documented
T1,2026-02-07T18:00:00Z,2026-02-08T16:00:00Z,22,0.9899722069308778,2026-02-06T00:00,sha256:594ab96b14faef987df918ca088c7784f8964e26a17075bcc4a009b6d23b8b96,archive,provider_documented
T1,2026-02-07T18:00:00Z,2026-02-08T17:00:00Z,23,0.9899722069308778,2026-02-06T00:00,sha256:594ab96b14faef987df918ca088c7784f8964e26a17075bcc4a009b6d23b8b96,archive,provider_documented
T1,2026-02-07T18:00:00Z,2026-02-08T18:00:00Z,24,0.9899995193622264,2026-02-06T00:00,sha256:594ab96b14faef987df918ca088c7784f8964e26a17075bcc4a009b6d23b8b96,archive,provider_documented
T2,2026-02-07T18:00:00Z,2026-02-07T19:00:00Z,1,0.9764594561959169,2026-02-06T00:00,sha256:071928f407ba189f1d74b42e9e9ac8b1c0b71991dbfd32c9574f67294a09100f,archive,provider_documented
T2,2026-02-07T18:00:00Z,2026-02-07T20:00:00Z,2,0.96925971859085,2026-02-06T00:00,sha256:071928f407ba189f1d74b42e9e9ac8b1c0b71991dbfd32c9574f67294a09100f,archive,provider_documented
T2,2026-02-07T18:00:00Z,2026-02-07T21:00:00Z,3,0.9228761944746304,2026-02-06T00:00,sha256:071928f407ba189f1d74b42e9e9ac8b1c0b71991dbfd32c9574f67294a09100f,archive,provider_documented
T2,2026-02-07T18:00:00Z,2026-02-07T22:00:00Z,4,0.9094268194746302,2026-02-06T00:00,sha256:071928f407ba189f1d74b42e9e9ac8b1c0b71991dbfd32c9574f67294a09100f,archive,provider_documented
T2,2026-02-07T18:00:00Z,2026-02-07T23:00:00Z,5,0.829635857593396,2026-02-06T00:00,sha256:071928f407ba189f1d74b42e9e9ac8b1c0b71991dbfd32c9574f67294a09100f,archive,provider_documented
T2,2026-02-07T18:00:00Z,2026-02-08T00:00:00Z,6,0.6990571491881716,2026-02-06T00:00,sha256:071928f407ba189f1d74b42e9e9ac8b1c0b71991dbfd32c9574f67294a09100f,archive,provider_documented
T2,2026-02-07T18:00:00Z,2026-02-08T01:00:00Z,7,0.6222018758989432,2026-02-06T00:00,sha256:071928f407ba189f1d74b42e9e9ac8b1c0b71991dbfd32c9574f67294a09100f,archive,provider_documented
T2,2026-02-07T18:00:00Z,2026-02-08T02:00:00Z,8,0.5389542903141674,2026-02-06T00:00,sha256:071928f407ba189f1d74b42e9e9ac8b1c0b71991dbfd32c9574f67294a09100f,archive,provider_documented
T2,2026-02-07T18:00:00Z,2026-02-08T03:00:00Z,9,0.45979032161180333,2026-02-06T00:00,sha256:071928f407ba189f1d74b42e9e9ac8b1c0b71991dbfd32c9574f67294a09100f,archive,provider_documented
T2,2026-02-07T18:00:00Z,2026-02-08T04:00:00Z,10,0.3351018707251191,2026-02-06T00:00,sha256:071928f407ba189f1d74b42e9e9ac8b1c0b71991dbfd32c9574f67294a09100f,archive,provider_documented
T2,2026-02-07T18:00:00Z,2026-02-08T05:00:00Z,11,0.07151243686644647,2026-02-06T00:00,sha256:071928f407ba189f1d74b42e9e9ac8b1c0b71991dbfd32c9574f67294a09100f,archive,provider_documented
T2,2026-02-07T18:00:00Z,2026-02-08T06:00:00Z,12,0.011058427682067691,2026-02-06T00:00,sha256:071928f407ba189f1d74b42e9e9ac8b1c0b71991dbfd32c9574f67294a09100f,archive,provider_documented
T2,2026-02-07T18:00:00Z,2026-02-08T07:00:00Z,13,0.010301445237540003,2026-02-06T00:00,sha256:071928f407ba189f1d74b42e9e9ac8b1c0b71991dbfd32c9574f67294a09100f,archive,provider_documented
T2,2026-02-07T18:00:00Z,2026-02-08T08:00:00Z,14,0.010855926508843797,2026-02-06T00:00,sha256:071928f407ba189f1d74b42e9e9ac8b1c0b71991dbfd32c9574f67294a09100f,archive,provider_documented
T2,2026-02-07T18:00:00Z,2026-02-08T09:00:00Z,15,0.0844754243310863,2026-02-06T00:00,sha256:071928f407ba189f1d74b42e9e9ac8b1c0b71991dbfd32c9574f67294a09100f,archive,provider_documented
T2,2026-02-07T18:00:00Z,2026-02-08T10:00:00Z,16,0.386126707198433,2026-02-06T00:00,sha256:071928f407ba189f1d74b42e9e9ac8b1c0b71991dbfd32c9574f67294a09100f,archive,provider_documented
T2,2026-02-07T18:00:00Z,2026-02-08T11:00:00Z,17,0.9032622219912736,2026-02-06T00:00,sha256:071928f407ba189f1d74b42e9e9ac8b1c0b71991dbfd32c9574f67294a09100f,archive,provider_documented
T2,2026-02-07T18:00:00Z,2026-02-08T12:00:00Z,18,0.9783938539887513,2026-02-06T00:00,sha256:071928f407ba189f1d74b42e9e9ac8b1c0b71991dbfd32c9574f67294a09100f,archive,provider_documented
T2,2026-02-07T18:00:00Z,2026-02-08T13:00:00Z,19,0.9769908647606018,2026-02-06T00:00,sha256:071928f407ba189f1d74b42e9e9ac8b1c0b71991dbfd32c9574f67294a09100f,archive,provider_documented
T2,2026-02-07T18:00:00Z,2026-02-08T14:00:00Z,20,0.978257813686172,2026-02-06T00:00,sha256:071928f407ba189f1d74b42e9e9ac8b1c0b71991dbfd32c9574f67294a09100f,archive,provider_documented
T2,2026-02-07T18:00:00Z,2026-02-08T15:00:00Z,21,0.9699729236460276,2026-02-06T00:00,sha256:071928f407ba189f1d74b42e9e9ac8b1c0b71991dbfd32c9574f67294a09100f,archive,provider_documented
T2,2026-02-07T18:00:00Z,2026-02-08T16:00:00Z,22,0.9699729236460276,2026-02-06T00:00,sha256:071928f407ba189f1d74b42e9e9ac8b1c0b71991dbfd32c9574f67294a09100f,archive,provider_documented
T2,2026-02-07T18:00:00Z,2026-02-08T17:00:00Z,23,0.9699729236460276,2026-02-06T00:00,sha256:071928f407ba189f1d74b42e9e9ac8b1c0b71991dbfd32c9574f67294a09100f,archive,provider_documented
T2,2026-02-07T18:00:00Z,2026-02-08T18:00:00Z,24,0.9699729236460276,2026-02-06T00:00,sha256:071928f407ba189f1d74b42e9e9ac8b1c0b71991dbfd32c9574f67294a09100f,archive,provider_documented
T1,2026-02-08T18:00:00Z,2026-02-08T19:00:00Z,1,0.9885307698328052,2026-02-07T00:00,sha256:594ab96b14faef987df918ca088c7784f8964e26a17075bcc4a009b6d23b8b96,archive,provider_documented
T1,2026-02-08T18:00:00Z,2026-02-08T20:00:00Z,2,0.9885307698328052,2026-02-07T00:00,sha256:594ab96b14faef987df918ca088c7784f8964e26a17075bcc4a009b6d23b8b96,archive,provider_documented
T1,2026-02-08T18:00:00Z,2026-02-08T21:00:00Z,3,0.9881722292348576,2026-02-07T00:00,sha256:594ab96b14faef987df918ca088c7784f8964e26a17075bcc4a009b6d23b8b96,archive,provider_documented
T1,2026-02-08T18:00:00Z,2026-02-08T22:00:00Z,4,0.9888931041784037,2026-02-07T00:00,sha256:594ab96b14faef987df918ca088c7784f8964e26a17075bcc4a009b6d23b8b96,archive,provider_documented
T1,2026-02-08T18:00:00Z,2026-02-08T23:00:00Z,5,0.990563346414671,2026-02-07T00:00,sha256:594ab96b14faef987df918ca088c7784f8964e26a17075bcc4a009b6d23b8b96,archive,provider_documented
T1,2026-02-08T18:00:00Z,2026-02-09T00:00:00Z,6,0.9950192380581997,2026-02-07T00:00,sha256:594ab96b14faef987df918ca088c7784f8964e26a17075bcc4a009b6d23b8b96,archive,provider_documented
T1,2026-02-08T18:00:00Z,2026-02-09T01:00:00Z,7,0.9888119018201633,2026-02-07T00:00,sha256:594ab96b14faef987df918ca088c7784f8964e26a17075bcc4a009b6d23b8b96,archive,provider_documented
T1,2026-02-08T18:00:00Z,2026-02-09T02:00:00Z,8,0.9773914667027077,2026-02-07T00:00,sha256:594ab96b14faef987df918ca088c7784f8964e26a17075bcc4a009b6d23b8b96,archive,provider_documented
T1,2026-02-08T18:00:00Z,2026-02-09T03:00:00Z,9,0.9888119018201633,2026-02-07T00:00,sha256:594ab96b14faef987df918ca088c7784f8964e26a17075bcc4a009b6d23b8b96,archive,provider_documented
T1,2026-02-08T18:00:00Z,2026-02-09T04:00:00Z,10,0.9335905259595965,2026-02-07T00:00,sha256:594ab96b14faef987df918ca088c7784f8964e26a17075bcc4a009b6d23b8b96,archive,provider_documented
T1,2026-02-08T18:00:00Z,2026-02-09T05:00:00Z,11,0.9810330428868794,2026-02-07T00:00,sha256:594ab96b14faef987df918ca088c7784f8964e26a17075bcc4a009b6d23b8b96,archive,provider_documented
T1,2026-02-08T18:00:00Z,2026-02-09T06:00:00Z,12,0.9676502054383525,2026-02-07T00:00,sha256:594ab96b14faef987df918ca088c7784f8964e26a17075bcc4a009b6d23b8b96,archive,provider_documented
T1,2026-02-08T18:00:00Z,2026-02-09T07:00:00Z,13,0.9676502054383525,2026-02-07T00:00,sha256:594ab96b14faef987df918ca088c7784f8964e26a17075bcc4a009b6d23b8b96,archive,provider_documented
T1,2026-02-08T18:00:00Z,2026-02-09T08:00:00Z,14,0.9426737853277469,2026-02-07T00:00,sha256:594ab96b14faef987df918ca088c7784f8964e26a17075bcc4a009b6d23b8b96,archive,provider_documented
T1,2026-02-08T18:00:00Z,2026-02-09T09:00:00Z,15,0.8764068227675824,2026-02-07T00:00,sha256:594ab96b14faef987df918ca088c7784f8964e26a17075bcc4a009b6d23b8b96,archive,provider_documented
T1,2026-02-08T18:00:00Z,2026-02-09T10:00:00Z,16,0.8495154822397594,2026-02-07T00:00,sha256:594ab96b14faef987df918ca088c7784f8964e26a17075bcc4a009b6d23b8b96,archive,provider_documented
T1,2026-02-08T18:00:00Z,2026-02-09T11:00:00Z,17,0.8250693913547423,2026-02-07T00:00,sha256:594ab96b14faef987df918ca088c7784f8964e26a17075bcc4a009b6d23b8b96,archive,provider_documented
T1,2026-02-08T18:00:00Z,2026-02-09T12:00:00Z,18,0.7073849073683648,2026-02-07T00:00,sha256:594ab96b14faef987df918ca088c7784f8964e26a17075bcc4a009b6d23b8b96,archive,provider_documented
T1,2026-02-08T18:00:00Z,2026-02-09T13:00:00Z,19,0.5948052611102344,2026-02-07T00:00,sha256:594ab96b14faef987df918ca088c7784f8964e26a17075bcc4a009b6d23b8b96,archive,provider_documented
T1,2026-02-08T18:00:00Z,2026-02-09T14:00:00Z,20,0.31035561283992297,2026-02-07T00:00,sha256:594ab96b14faef987df918ca088c7784f8964e26a17075bcc4a009b6d23b8b96,archive,provider_documented
T1,2026-02-08T18:00:00Z,2026-02-09T15:00:00Z,21,0.19513710049224012,2026-02-07T00:00,sha256:594ab96b14faef987df918ca088c7784f8964e26a17075bcc4a009b6d23b8b96,archive,provider_documented
T1,2026-02-08T18:00:00Z,2026-02-09T16:00:00Z,22,0.31035561283992297,2026-02-07T00:00,sha256:594ab96b14faef987df918ca088c7784f8964e26a17075bcc4a009b6d23b8b96,archive,provider_documented
T1,2026-02-08T18:00:00Z,2026-02-09T17:00:00Z,23,0.17603935759294362,2026-02-07T00:00,sha256:594ab96b14faef987df918ca088c7784f8964e26a17075bcc4a009b6d23b8b96,archive,provider_documented
T1,2026-02-08T18:00:00Z,2026-02-09T18:00:00Z,24,0.01286559221012968,2026-02-07T00:00,sha256:594ab96b14faef987df918ca088c7784f8964e26a17075bcc4a009b6d23b8b96,archive,provider_documented
T2,2026-02-08T18:00:00Z,2026-02-08T19:00:00Z,1,0.9699729236460276,2026-02-07T00:00,sha256:071928f407ba189f1d74b42e9e9ac8b1c0b71991dbfd32c9574f67294a09100f,archive,provider_documented
T2,2026-02-08T18:00:00Z,2026-02-08T20:00:00Z,2,0.9699729236460276,2026-02-07T00:00,sha256:071928f407ba189f1d74b42e9e9ac8b1c0b71991dbfd32c9574f67294a09100f,archive,provider_documented
T2,2026-02-08T18:00:00Z,2026-02-08T21:00:00Z,3,0.9699729236460276,2026-02-07T00:00,sha256:071928f407ba189f1d74b42e9e9ac8b1c0b71991dbfd32c9574f67294a09100f,archive,provider_documented
T2,2026-02-08T18:00:00Z,2026-02-08T22:00:00Z,4,0.9699553001842592,2026-02-07T00:00,sha256:071928f407ba189f1d74b42e9e9ac8b1c0b71991dbfd32c9574f67294a09100f,archive,provider_documented
T2,2026-02-08T18:00:00Z,2026-02-08T23:00:00Z,5,0.9771711428105438,2026-02-07T00:00,sha256:071928f407ba189f1d74b42e9e9ac8b1c0b71991dbfd32c9574f67294a09100f,archive,provider_documented
T2,2026-02-08T18:00:00Z,2026-02-09T00:00:00Z,6,0.9825289434865131,2026-02-07T00:00,sha256:071928f407ba189f1d74b42e9e9ac8b1c0b71991dbfd32c9574f67294a09100f,archive,provider_documented
T2,2026-02-08T18:00:00Z,2026-02-09T01:00:00Z,7,0.9814071420648453,2026-02-07T00:00,sha256:071928f407ba189f1d74b42e9e9ac8b1c0b71991dbfd32c9574f67294a09100f,archive,provider_documented
T2,2026-02-08T18:00:00Z,2026-02-09T02:00:00Z,8,0.9734455076369607,2026-02-07T00:00,sha256:071928f407ba189f1d74b42e9e9ac8b1c0b71991dbfd32c9574f67294a09100f,archive,provider_documented
T2,2026-02-08T18:00:00Z,2026-02-09T03:00:00Z,9,0.9734455076369607,2026-02-07T00:00,sha256:071928f407ba189f1d74b42e9e9ac8b1c0b71991dbfd32c9574f67294a09100f,archive,provider_documented
T2,2026-02-08T18:00:00Z,2026-02-09T04:00:00Z,10,0.9530440134616782,2026-02-07T00:00,sha256:071928f407ba189f1d74b42e9e9ac8b1c0b71991dbfd32c9574f67294a09100f,archive,provider_documented
T2,2026-02-08T18:00:00Z,2026-02-09T05:00:00Z,11,0.9772720525670835,2026-02-07T00:00,sha256:071928f407ba189f1d74b42e9e9ac8b1c0b71991dbfd32c9574f67294a09100f,archive,provider_documented
T2,2026-02-08T18:00:00Z,2026-02-09T06:00:00Z,12,0.9696235268252585,2026-02-07T00:00,sha256:071928f407ba189f1d74b42e9e9ac8b1c0b71991dbfd32c9574f67294a09100f,archive,provider_documented
T2,2026-02-08T18:00:00Z,2026-02-09T07:00:00Z,13,0.9696235268252585,2026-02-07T00:00,sha256:071928f407ba189f1d74b42e9e9ac8b1c0b71991dbfd32c9574f67294a09100f,archive,provider_documented
T2,2026-02-08T18:00:00Z,2026-02-09T08:00:00Z,14,0.9550278436671678,2026-02-07T00:00,sha256:071928f407ba189f1d74b42e9e9ac8b1c0b71991dbfd32c9574f67294a09100f,archive,provider_documented
T2,2026-02-08T18:00:00Z,2026-02-09T09:00:00Z,15,0.8859993974199194,2026-02-07T00:00,sha256:071928f407ba189f1d74b42e9e9ac8b1c0b71991dbfd32c9574f67294a09100f,archive,provider_documented
T2,2026-02-08T18:00:00Z,2026-02-09T10:00:00Z,16,0.8573018740887508,2026-02-07T00:00,sha256:071928f407ba189f1d74b42e9e9ac8b1c0b71991dbfd32c9574f67294a09100f,archive,provider_documented
T2,2026-02-08T18:00:00Z,2026-02-09T11:00:00Z,17,0.8444441690276305,2026-02-07T00:00,sha256:071928f407ba189f1d74b42e9e9ac8b1c0b71991dbfd32c9574f67294a09100f,archive,provider_documented
T2,2026-02-08T18:00:00Z,2026-02-09T12:00:00Z,18,0.7433981873057858,2026-02-07T00:00,sha256:071928f407ba189f1d74b42e9e9ac8b1c0b71991dbfd32c9574f67294a09100f,archive,provider_documented
T2,2026-02-08T18:00:00Z,2026-02-09T13:00:00Z,19,0.5627464529158978,2026-02-07T00:00,sha256:071928f407ba189f1d74b42e9e9ac8b1c0b71991dbfd32c9574f67294a09100f,archive,provider_documented
T2,2026-02-08T18:00:00Z,2026-02-09T14:00:00Z,20,0.29242132618959793,2026-02-07T00:00,sha256:071928f407ba189f1d74b42e9e9ac8b1c0b71991dbfd32c9574f67294a09100f,archive,provider_documented
T2,2026-02-08T18:00:00Z,2026-02-09T15:00:00Z,21,0.15526005332789244,2026-02-07T00:00,sha256:071928f407ba189f1d74b42e9e9ac8b1c0b71991dbfd32c9574f67294a09100f,archive,provider_documented
T2,2026-02-08T18:00:00Z,2026-02-09T16:00:00Z,22,0.29242132618959793,2026-02-07T00:00,sha256:071928f407ba189f1d74b42e9e9ac8b1c0b71991dbfd32c9574f67294a09100f,archive,provider_documented
T2,2026-02-08T18:00:00Z,2026-02-09T17:00:00Z,23,0.15526005332789244,2026-02-07T00:00,sha256:071928f407ba189f1d74b42e9e9ac8b1c0b71991dbfd32c9574f67294a09100f,archive,provider_documented
T2,2026-02-08T18:00:00Z,2026-02-09T18:00:00Z,24,0.011058427682067691,2026-02-07T00:00,sha256:071928f407ba189f1d74b42e9e9ac8b1c0b71991dbfd32c9574f67294a09100f,archive,provider_documented
T1,2026-02-09T18:00:00Z,2026-02-09T19:00:00Z,1,0.16991655030127698,2026-02-08T00:00,sha256:594ab96b14faef987df918ca088c7784f8964e26a17075bcc4a009b6d23b8b96,archive,provider_documented
T1,2026-02-09T18:00:00Z,2026-02-09T20:00:00Z,2,0.07022713308016194,2026-02-08T00:00,sha256:594ab96b14faef987df918ca088c7784f8964e26a17075bcc4a009b6d23b8b96,archive,provider_documented
T1,2026-02-09T18:00:00Z,2026-02-09T21:00:00Z,3,0.07022713308016194,2026-02-08T00:00,sha256:594ab96b14faef987df918ca088c7784f8964e26a17075bcc4a009b6d23b8b96,archive,provider_documented
T1,2026-02-09T18:00:00Z,2026-02-09T22:00:00Z,4,0.09448277287675279,2026-02-08T00:00,sha256:594ab96b14faef987df918ca088c7784f8964e26a17075bcc4a009b6d23b8b96,archive,provider_documented
T1,2026-02-09T18:00:00Z,2026-02-09T23:00:00Z,5,0.07022713308016194,2026-02-08T00:00,sha256:594ab96b14faef987df918ca088c7784f8964e26a17075bcc4a009b6d23b8b96,archive,provider_documented
T1,2026-02-09T18:00:00Z,2026-02-10T00:00:00Z,6,0.09448277287675279,2026-02-08T00:00,sha256:594ab96b14faef987df918ca088c7784f8964e26a17075bcc4a009b6d23b8b96,archive,provider_documented
T1,2026-02-09T18:00:00Z,2026-02-10T01:00:00Z,7,0.28940080342349894,2026-02-08T00:00,sha256:594ab96b14faef987df918ca088c7784f8964e26a17075bcc4a009b6d23b8b96,archive,provider_documented
T1,2026-02-09T18:00:00Z,2026-02-10T02:00:00Z,8,0.115703265039679,2026-02-08T00:00,sha256:594ab96b14faef987df918ca088c7784f8964e26a17075bcc4a009b6d23b8b96,archive,provider_documented
T1,2026-02-09T18:00:00Z,2026-02-10T03:00:00Z,9,0.2587630060873346,2026-02-08T00:00,sha256:594ab96b14faef987df918ca088c7784f8964e26a17075bcc4a009b6d23b8b96,archive,provider_documented
T1,2026-02-09T18:00:00Z,2026-02-10T04:00:00Z,10,0.07165569938151096,2026-02-08T00:00,sha256:594ab96b14faef987df918ca088c7784f8964e26a17075bcc4a009b6d23b8b96,archive,provider_documented
T1,2026-02-09T18:00:00Z,2026-02-10T05:00:00Z,11,0.23927491713415863,2026-02-08T00:00,sha256:594ab96b14faef987df918ca088c7784f8964e26a17075bcc4a009b6d23b8b96,archive,provider_documented
T1,2026-02-09T18:00:00Z,2026-02-10T06:00:00Z,12,0.7361427280892393,2026-02-08T00:00,sha256:594ab96b14faef987df918ca088c7784f8964e26a17075bcc4a009b6d23b8b96,archive,provider_documented
T1,2026-02-09T18:00:00Z,2026-02-10T07:00:00Z,13,0.7542325457975726,2026-02-08T00:00,sha256:594ab96b14faef987df918ca088c7784f8964e26a17075bcc4a009b6d23b8b96,archive,provider_documented
T1,2026-02-09T18:00:00Z,2026-02-10T08:00:00Z,14,0.9435909516643465,2026-02-08T00:00,sha256:594ab96b14faef987df918ca088c7784f8964e26a17075bcc4a009b6d23b8b96,archive,provider_documented
T1,2026-02-09T18:00:00Z,2026-02-10T09:00:00Z,15,0.873130237060764,2026-02-08T00:00,sha256:594ab96b14faef987df918ca088c7784f8964e26a17075bcc4a009b6d23b8b96,archive,provider_documented
T1,2026-02-09T18:00:00Z,2026-02-10T10:00:00Z,16,0.7542325457975726,2026-02-08T00:00,sha256:594ab96b14faef987df918ca088c7784f8964e26a17075bcc4a009b6d23b8b96,archive,provider_documented
T1,2026-02-09T18:00:00Z,2026-02-10T11:00:00Z,17,0.5109422837360484,2026-02-08T00:00,sha256:594ab96b14faef987df918ca088c7784f8964e26a17075bcc4a009b6d23b8b96,archive,provider_documented
T1,2026-02-09T18:00:00Z,2026-02-10T12:00:00Z,18,0.2476507491429141,2026-02-08T00:00,sha256:594ab96b14faef987df918ca088c7784f8964e26a17075bcc4a009b6d23b8b96,archive,provider_documented
T1,2026-02-09T18:00:00Z,2026-02-10T13:00:00Z,19,0.3042328055482564,2026-02-08T00:00,sha256:594ab96b14faef987df918ca088c7784f8964e26a17075bcc4a009b6d23b8b96,archive,provider_documented
T1,2026-02-09T18:00:00Z,2026-02-10T14:00:00Z,20,0.19513710049224012,2026-02-08T00:00,sha256:594ab96b14faef987df918ca088c7784f8964e26a17075bcc4a009b6d23b8b96,archive,provider_documented
T1,2026-02-09T18:00:00Z,2026-02-10T15:00:00Z,21,0.7016436078737346,2026-02-08T00:00,sha256:594ab96b14faef987df918ca088c7784f8964e26a17075bcc4a009b6d23b8b96,archive,provider_documented
T1,2026-02-09T18:00:00Z,2026-02-10T16:00:00Z,22,0.8986718395968637,2026-02-08T00:00,sha256:594ab96b14faef987df918ca088c7784f8964e26a17075bcc4a009b6d23b8b96,archive,provider_documented
T1,2026-02-09T18:00:00Z,2026-02-10T17:00:00Z,23,0.9335905259595965,2026-02-08T00:00,sha256:594ab96b14faef987df918ca088c7784f8964e26a17075bcc4a009b6d23b8b96,archive,provider_documented
T1,2026-02-09T18:00:00Z,2026-02-10T18:00:00Z,24,0.9824383998014361,2026-02-08T00:00,sha256:594ab96b14faef987df918ca088c7784f8964e26a17075bcc4a009b6d23b8b96,archive,provider_documented
T2,2026-02-09T18:00:00Z,2026-02-09T19:00:00Z,1,0.14191817238238774,2026-02-08T00:00,sha256:071928f407ba189f1d74b42e9e9ac8b1c0b71991dbfd32c9574f67294a09100f,archive,provider_documented
T2,2026-02-09T18:00:00Z,2026-02-09T20:00:00Z,2,0.06277761082665705,2026-02-08T00:00,sha256:071928f407ba189f1d74b42e9e9ac8b1c0b71991dbfd32c9574f67294a09100f,archive,provider_documented
T2,2026-02-09T18:00:00Z,2026-02-09T21:00:00Z,3,0.06277761082665705,2026-02-08T00:00,sha256:071928f407ba189f1d74b42e9e9ac8b1c0b71991dbfd32c9574f67294a09100f,archive,provider_documented
T2,2026-02-09T18:00:00Z,2026-02-09T22:00:00Z,4,0.07151243686644647,2026-02-08T00:00,sha256:071928f407ba189f1d74b42e9e9ac8b1c0b71991dbfd32c9574f67294a09100f,archive,provider_documented
T2,2026-02-09T18:00:00Z,2026-02-09T23:00:00Z,5,0.06277761082665705,2026-02-08T00:00,sha256:071928f407ba189f1d74b42e9e9ac8b1c0b71991dbfd32c9574f67294a09100f,archive,provider_documented
T2,2026-02-09T18:00:00Z,2026-02-10T00:00:00Z,6,0.07151243686644647,2026-02-08T00:00,sha256:071928f407ba189f1d74b42e9e9ac8b1c0b71991dbfd32c9574f67294a09100f,archive,provider_documented
T2,2026-02-09T18:00:00Z,2026-02-10T01:00:00Z,7,0.26094185991243224,2026-02-08T00:00,sha256:071928f407ba189f1d74b42e9e9ac8b1c0b71991dbfd32c9574f67294a09100f,archive,provider_documented
T2,2026-02-09T18:00:00Z,2026-02-10T02:00:00Z,8,0.1128281712791059,2026-02-08T00:00,sha256:071928f407ba189f1d74b42e9e9ac8b1c0b71991dbfd32c9574f67294a09100f,archive,provider_documented
T2,2026-02-09T18:00:00Z,2026-02-10T03:00:00Z,9,0.25750875838116927,2026-02-08T00:00,sha256:071928f407ba189f1d74b42e9e9ac8b1c0b71991dbfd32c9574f67294a09100f,archive,provider_documented
T2,2026-02-09T18:00:00Z,2026-02-10T04:00:00Z,10,0.05650157086393155,2026-02-08T00:00,sha256:071928f407ba189f1d74b42e9e9ac8b1c0b71991dbfd32c9574f67294a09100f,archive,provider_documented
T2,2026-02-09T18:00:00Z,2026-02-10T05:00:00Z,11,0.21494364629665355,2026-02-08T00:00,sha256:071928f407ba189f1d74b42e9e9ac8b1c0b71991dbfd32c9574f67294a09100f,archive,provider_documented
T2,2026-02-09T18:00:00Z,2026-02-10T06:00:00Z,12,0.7286395877221221,2026-02-08T00:00,sha256:071928f407ba189f1d74b42e9e9ac8b1c0b71991dbfd32c9574f67294a09100f,archive,provider_documented
T2,2026-02-09T18:00:00Z,2026-02-10T07:00:00Z,13,0.7465002850854034,2026-02-08T00:00,sha256:071928f407ba189f1d74b42e9e9ac8b1c0b71991dbfd32c9574f67294a09100f,archive,provider_documented
T2,2026-02-09T18:00:00Z,2026-02-10T08:00:00Z,14,0.9344535957313302,2026-02-08T00:00,sha256:071928f407ba189f1d74b42e9e9ac8b1c0b71991dbfd32c9574f67294a09100f,archive,provider_documented
T2,2026-02-09T18:00:00Z,2026-02-10T09:00:00Z,15,0.8749017033894104,2026-02-08T00:00,sha256:071928f407ba189f1d74b42e9e9ac8b1c0b71991dbfd32c9574f67294a09100f,archive,provider_documented
T2,2026-02-09T18:00:00Z,2026-02-10T10:00:00Z,16,0.734236174194943,2026-02-08T00:00,sha256:071928f407ba189f1d74b42e9e9ac8b1c0b71991dbfd32c9574f67294a09100f,archive,provider_documented
T2,2026-02-09T18:00:00Z,2026-02-10T11:00:00Z,17,0.46953489125177855,2026-02-08T00:00,sha256:071928f407ba189f1d74b42e9e9ac8b1c0b71991dbfd32c9574f67294a09100f,archive,provider_documented
T2,2026-02-09T18:00:00Z,2026-02-10T12:00:00Z,18,0.21494364629665355,2026-02-08T00:00,sha256:071928f407ba189f1d74b42e9e9ac8b1c0b71991dbfd32c9574f67294a09100f,archive,provider_documented
T2,2026-02-09T18:00:00Z,2026-02-10T13:00:00Z,19,0.2633777719481949,2026-02-08T00:00,sha256:071928f407ba189f1d74b42e9e9ac8b1c0b71991dbfd32c9574f67294a09100f,archive,provider_documented
T2,2026-02-09T18:00:00Z,2026-02-10T14:00:00Z,20,0.1887004107689348,2026-02-08T00:00,sha256:071928f407ba189f1d74b42e9e9ac8b1c0b71991dbfd32c9574f67294a09100f,archive,provider_documented
T2,2026-02-09T18:00:00Z,2026-02-10T15:00:00Z,21,0.6960683102324345,2026-02-08T00:00,sha256:071928f407ba189f1d74b42e9e9ac8b1c0b71991dbfd32c9574f67294a09100f,archive,provider_documented
T2,2026-02-09T18:00:00Z,2026-02-10T16:00:00Z,22,0.9032622219912736,2026-02-08T00:00,sha256:071928f407ba189f1d74b42e9e9ac8b1c0b71991dbfd32c9574f67294a09100f,archive,provider_documented
T2,2026-02-09T18:00:00Z,2026-02-10T17:00:00Z,23,0.9567071837692438,2026-02-08T00:00,sha256:071928f407ba189f1d74b42e9e9ac8b1c0b71991dbfd32c9574f67294a09100f,archive,provider_documented
T2,2026-02-09T18:00:00Z,2026-02-10T18:00:00Z,24,0.9733506041210527,2026-02-08T00:00,sha256:071928f407ba189f1d74b42e9e9ac8b1c0b71991dbfd32c9574f67294a09100f,archive,provider_documented
T1,2026-02-10T18:00:00Z,2026-02-10T19:00:00Z,1,0.9810330428868794,2026-02-09T00:00,sha256:594ab96b14faef987df918ca088c7784f8964e26a17075bcc4a009b6d23b8b96,archive,provider_documented
T1,2026-02-10T18:00:00Z,2026-02-10T20:00:00Z,2,0.8986718395968637,2026-02-09T00:00,sha256:594ab96b14faef987df918ca088c7784f8964e26a17075bcc4a009b6d23b8b96,archive,provider_documented
T1,2026-02-10T18:00:00Z,2026-02-10T21:00:00Z,3,0.8497345335062924,2026-02-09T00:00,sha256:594ab96b14faef987df918ca088c7784f8964e26a17075bcc4a009b6d23b8b96,archive,provider_documented
T1,2026-02-10T18:00:00Z,2026-02-10T22:00:00Z,4,0.6232380748880486,2026-02-09T00:00,sha256:594ab96b14faef987df918ca088c7784f8964e26a17075bcc4a009b6d23b8b96,archive,provider_documented
T1,2026-02-10T18:00:00Z,2026-02-10T23:00:00Z,5,0.44580200515855867,2026-02-09T00:00,sha256:594ab96b14faef987df918ca088c7784f8964e26a17075bcc4a009b6d23b8b96,archive,provider_documented
T1,2026-02-10T18:00:00Z,2026-02-11T00:00:00Z,6,0.031039287640752273,2026-02-09T00:00,sha256:594ab96b14faef987df918ca088c7784f8964e26a17075bcc4a009b6d23b8b96,archive,provider_documented
T1,2026-02-10T18:00:00Z,2026-02-11T01:00:00Z,7,0.06604818202409658,2026-02-09T00:00,sha256:594ab96b14faef987df918ca088c7784f8964e26a17075bcc4a009b6d23b8b96,archive,provider_documented
T1,2026-02-10T18:00:00Z,2026-02-11T02:00:00Z,8,0.09448277287675279,2026-02-09T00:00,sha256:594ab96b14faef987df918ca088c7784f8964e26a17075bcc4a009b6d23b8b96,archive,provider_documented
T1,2026-02-10T18:00:00Z,2026-02-11T03:00:00Z,9,0.031039287640752273,2026-02-09T00:00,sha256:594ab96b14faef987df918ca088c7784f8964e26a17075bcc4a009b6d23b8b96,archive,provider_documented
T1,2026-02-10T18:00:00Z,2026-02-11T04:00:00Z,10,0.23927491713415863,2026-02-09T00:00,sha256:594ab96b14faef987df918ca088c7784f8964e26a17075bcc4a009b6d23b8b96,archive,provider_documented
T1,2026-02-10T18:00:00Z,2026-02-11T05:00:00Z,11,0.011872435939476567,2026-02-09T00:00,sha256:594ab96b14faef987df918ca088c7784f8964e26a17075bcc4a009b6d23b8b96,archive,provider_documented
T1,2026-02-10T18:00:00Z,2026-02-11T06:00:00Z,12,0.1905835266387904,2026-02-09T00:00,sha256:594ab96b14faef987df918ca088c7784f8964e26a17075bcc4a009b6d23b8b96,archive,provider_documented
T1,2026-02-10T18:00:00Z,2026-02-11T07:00:00Z,13,0.10788427344971885,2026-02-09T00:00,sha256:594ab96b14faef987df918ca088c7784f8964e26a17075bcc4a009b6d23b8b96,archive,provider_documented
T1,2026-02-10T18:00:00Z,2026-02-11T08:00:00Z,14,0.7542325457975726,2026-02-09T00:00,sha256:594ab96b14faef987df918ca088c7784f8964e26a17075bcc4a009b6d23b8b96,archive,provider_documented
T1,2026-02-10T18:00:00Z,2026-02-11T09:00:00Z,15,0.9786896840056927,2026-02-09T00:00,sha256:594ab96b14faef987df918ca088c7784f8964e26a17075bcc4a009b6d23b8b96,archive,provider_documented
T1,2026-02-10T18:00:00Z,2026-02-11T10:00:00Z,16,0.9899722069308778,2026-02-09T00:00,sha256:594ab96b14faef987df918ca088c7784f8964e26a17075bcc4a009b6d23b8b96,archive,provider_documented
T1,2026-02-10T18:00:00Z,2026-02-11T11:00:00Z,17,0.9895012178550335,2026-02-09T00:00,sha256:594ab96b14faef987df918ca088c7784f8964e26a17075bcc4a009b6d23b8b96,archive,provider_documented
T1,2026-02-10T18:00:00Z,2026-02-11T12:00:00Z,18,0.9899722069308778,2026-02-09T00:00,sha256:594ab96b14faef987df918ca088c7784f8964e26a17075bcc4a009b6d23b8b96,archive,provider_documented
T1,2026-02-10T18:00:00Z,2026-02-11T13:00:00Z,19,0.9899995193622264,2026-02-09T00:00,sha256:594ab96b14faef987df918ca088c7784f8964e26a17075bcc4a009b6d23b8b96,archive,provider_documented
T1,2026-02-10T18:00:00Z,2026-02-11T14:00:00Z,20,0.9885307698328052,2026-02-09T00:00,sha256:594ab96b14faef987df918ca088c7784f8964e26a17075bcc4a009b6d23b8b96,archive,provider_documented
T1,2026-02-10T18:00:00Z,2026-02-11T15:00:00Z,21,0.9935877982047459,2026-02-09T00:00,sha256:594ab96b14faef987df918ca088c7784f8964e26a17075bcc4a009b6d23b8b96,archive,provider_documented
T1,2026-02-10T18:00:00Z,2026-02-11T16:00:00Z,22,0.9824383998014361,2026-02-09T00:00,sha256:594ab96b14faef987df918ca088c7784f8964e26a17075bcc4a009b6d23b8b96,archive,provider_documented
T1,2026-02-10T18:00:00Z,2026-02-11T17:00:00Z,23,0.9335905259595965,2026-02-09T00:00,sha256:594ab96b14faef987df918ca088c7784f8964e26a17075bcc4a009b6d23b8b96,archive,provider_documented
T1,2026-02-10T18:00:00Z,2026-02-11T18:00:00Z,24,0.8340855563578548,2026-02-09T00:00,sha256:594ab96b14faef987df918ca088c7784f8964e26a17075bcc4a009b6d23b8b96,archive,provider_documented
T2,2026-02-10T18:00:00Z,2026-02-10T19:00:00Z,1,0.977873120551574,2026-02-09T00:00,sha256:071928f407ba189f1d74b42e9e9ac8b1c0b71991dbfd32c9574f67294a09100f,archive,provider_documented
T2,2026-02-10T18:00:00Z,2026-02-10T20:00:00Z,2,0.9032622219912736,2026-02-09T00:00,sha256:071928f407ba189f1d74b42e9e9ac8b1c0b71991dbfd32c9574f67294a09100f,archive,provider_documented
T2,2026-02-10T18:00:00Z,2026-02-10T21:00:00Z,3,0.8266470186376589,2026-02-09T00:00,sha256:071928f407ba189f1d74b42e9e9ac8b1c0b71991dbfd32c9574f67294a09100f,archive,provider_documented
T2,2026-02-10T18:00:00Z,2026-02-10T22:00:00Z,4,0.592230524228119,2026-02-09T00:00,sha256:071928f407ba189f1d74b42e9e9ac8b1c0b71991dbfd32c9574f67294a09100f,archive,provider_documented
T2,2026-02-10T18:00:00Z,2026-02-10T23:00:00Z,5,0.43044957897182934,2026-02-09T00:00,sha256:071928f407ba189f1d74b42e9e9ac8b1c0b71991dbfd32c9574f67294a09100f,archive,provider_documented
T2,2026-02-10T18:00:00Z,2026-02-11T00:00:00Z,6,0.02494740442920006,2026-02-09T00:00,sha256:071928f407ba189f1d74b42e9e9ac8b1c0b71991dbfd32c9574f67294a09100f,archive,provider_documented
T2,2026-02-10T18:00:00Z,2026-02-11T01:00:00Z,7,0.047200338878422766,2026-02-09T00:00,sha256:071928f407ba189f1d74b42e9e9ac8b1c0b71991dbfd32c9574f67294a09100f,archive,provider_documented
T2,2026-02-10T18:00:00Z,2026-02-11T02:00:00Z,8,0.07151243686644647,2026-02-09T00:00,sha256:071928f407ba189f1d74b42e9e9ac8b1c0b71991dbfd32c9574f67294a09100f,archive,provider_documented
T2,2026-02-10T18:00:00Z,2026-02-11T03:00:00Z,9,0.02373422773814474,2026-02-09T00:00,sha256:071928f407ba189f1d74b42e9e9ac8b1c0b71991dbfd32c9574f67294a09100f,archive,provider_documented
T2,2026-02-10T18:00:00Z,2026-02-11T04:00:00Z,10,0.21494364629665355,2026-02-09T00:00,sha256:071928f407ba189f1d74b42e9e9ac8b1c0b71991dbfd32c9574f67294a09100f,archive,provider_documented
T2,2026-02-10T18:00:00Z,2026-02-11T05:00:00Z,11,0.011285620881377158,2026-02-09T00:00,sha256:071928f407ba189f1d74b42e9e9ac8b1c0b71991dbfd32c9574f67294a09100f,archive,provider_documented
T2,2026-02-10T18:00:00Z,2026-02-11T06:00:00Z,12,0.18321674207685062,2026-02-09T00:00,sha256:071928f407ba189f1d74b42e9e9ac8b1c0b71991dbfd32c9574f67294a09100f,archive,provider_documented
T2,2026-02-10T18:00:00Z,2026-02-11T07:00:00Z,13,0.1048130197067767,2026-02-09T00:00,sha256:071928f407ba189f1d74b42e9e9ac8b1c0b71991dbfd32c9574f67294a09100f,archive,provider_documented
T2,2026-02-10T18:00:00Z,2026-02-11T08:00:00Z,14,0.7323931445962542,2026-02-09T00:00,sha256:071928f407ba189f1d74b42e9e9ac8b1c0b71991dbfd32c9574f67294a09100f,archive,provider_documented
T2,2026-02-10T18:00:00Z,2026-02-11T09:00:00Z,15,0.9647302275096205,2026-02-09T00:00,sha256:071928f407ba189f1d74b42e9e9ac8b1c0b71991dbfd32c9574f67294a09100f,archive,provider_documented
T2,2026-02-10T18:00:00Z,2026-02-11T10:00:00Z,16,0.9699729236460276,2026-02-09T00:00,sha256:071928f407ba189f1d74b42e9e9ac8b1c0b71991dbfd32c9574f67294a09100f,archive,provider_documented
T2,2026-02-10T18:00:00Z,2026-02-11T11:00:00Z,17,0.9699729236460276,2026-02-09T00:00,sha256:071928f407ba189f1d74b42e9e9ac8b1c0b71991dbfd32c9574f67294a09100f,archive,provider_documented
T2,2026-02-10T18:00:00Z,2026-02-11T12:00:00Z,18,0.9699729236460276,2026-02-09T00:00,sha256:071928f407ba189f1d74b42e9e9ac8b1c0b71991dbfd32c9574f67294a09100f,archive,provider_documented
T2,2026-02-10T18:00:00Z,2026-02-11T13:00:00Z,19,0.9699729236460276,2026-02-09T00:00,sha256:071928f407ba189f1d74b42e9e9ac8b1c0b71991dbfd32c9574f67294a09100f,archive,provider_documented
T2,2026-02-10T18:00:00Z,2026-02-11T14:00:00Z,20,0.9699729236460276,2026-02-09T00:00,sha256:071928f407ba189f1d74b42e9e9ac8b1c0b71991dbfd32c9574f67294a09100f,archive,provider_documented
T2,2026-02-10T18:00:00Z,2026-02-11T15:00:00Z,21,0.9740020258048647,2026-02-09T00:00,sha256:071928f407ba189f1d74b42e9e9ac8b1c0b71991dbfd32c9574f67294a09100f,archive,provider_documented
T2,2026-02-10T18:00:00Z,2026-02-11T16:00:00Z,22,0.9733506041210527,2026-02-09T00:00,sha256:071928f407ba189f1d74b42e9e9ac8b1c0b71991dbfd32c9574f67294a09100f,archive,provider_documented
T2,2026-02-10T18:00:00Z,2026-02-11T17:00:00Z,23,0.9530440134616782,2026-02-09T00:00,sha256:071928f407ba189f1d74b42e9e9ac8b1c0b71991dbfd32c9574f67294a09100f,archive,provider_documented
T2,2026-02-10T18:00:00Z,2026-02-11T18:00:00Z,24,0.8266470186376589,2026-02-09T00:00,sha256:071928f407ba189f1d74b42e9e9ac8b1c0b71991dbfd32c9574f67294a09100f,archive,provider_documented
T1,2026-02-11T18:00:00Z,2026-02-11T19:00:00Z,1,0.9335905259595965,2026-02-10T00:00,sha256:594ab96b14faef987df918ca088c7784f8964e26a17075bcc4a009b6d23b8b96,archive,provider_documented
T1,2026-02-11T18:00:00Z,2026-02-11T20:00:00Z,2,0.7790621786344204,2026-02-10T00:00,sha256:594ab96b14faef987df918ca088c7784f8964e26a17075bcc4a009b6d23b8b96,archive,provider_documented
T1,2026-02-11T18:00:00Z,2026-02-11T21:00:00Z,3,0.7790621786344204,2026-02-10T00:00,sha256:594ab96b14faef987df918ca088c7784f8964e26a17075bcc4a009b6d23b8b96,archive,provider_documented
T1,2026-02-11T18:00:00Z,2026-02-11T22:00:00Z,4,0.7016436078737346,2026-02-10T00:00,sha256:594ab96b14faef987df918ca088c7784f8964e26a17075bcc4a009b6d23b8b96,archive,provider_documented
T1,2026-02-11T18:00:00Z,2026-02-11T23:00:00Z,5,0.7016436078737346,2026-02-10T00:00,sha256:594ab96b14faef987df918ca088c7784f8964e26a17075bcc4a009b6d23b8b96,archive,provider_documented
T1,2026-02-11T18:00:00Z,2026-02-12T00:00:00Z,6,0.6760266868962884,2026-02-10T00:00,sha256:594ab96b14faef987df918ca088c7784f8964e26a17075bcc4a009b6d23b8b96,archive,provider_documented
T1,2026-02-11T18:00:00Z,2026-02-12T01:00:00Z,7,0.44284626290504064,2026-02-10T00:00,sha256:594ab96b14faef987df918ca088c7784f8964e26a17075bcc4a009b6d23b8b96,archive,provider_documented
T1,2026-02-11T18:00:00Z,2026-02-12T02:00:00Z,8,0.09448277287675279,2026-02-10T00:00,sha256:594ab96b14faef987df918ca088c7784f8964e26a17075bcc4a009b6d23b8b96,archive,provider_documented
T1,2026-02-11T18:00:00Z,2026-02-12T03:00:00Z,9,0.049446989376198826,2026-02-10T00:00,sha256:594ab96b14faef987df918ca088c7784f8964e26a17075bcc4a009b6d23b8b96,archive,provider_documented
T1,2026-02-11T18:00:00Z,2026-02-12T04:00:00Z,10,0.06604818202409658,2026-02-10T00:00,sha256:594ab96b14faef987df918ca088c7784f8964e26a17075bcc4a009b6d23b8b96,archive,provider_documented
T1,2026-02-11T18:00:00Z,2026-02-12T05:00:00Z,11,0.028519507504322025,2026-02-10T00:00,sha256:594ab96b14faef987df918ca088c7784f8964e26a17075bcc4a009b6d23b8b96,archive,provider_documented
T1,2026-02-11T18:00:00Z,2026-02-12T06:00:00Z,12,0.05195676206263602,2026-02-10T00:00,sha256:594ab96b14faef987df918ca088c7784f8964e26a17075bcc4a009b6d23b8b96,archive,provider_documented
T1,2026-02-11T18:00:00Z,2026-02-12T07:00:00Z,13,0.1765366343388214,2026-02-10T00:00,sha256:594ab96b14faef987df918ca088c7784f8964e26a17075bcc4a009b6d23b8b96,archive,provider_documented
T1,2026-02-11T18:00:00Z,2026-02-12T08:00:00Z,14,0.0467794109175697,2026-02-10T00:00,sha256:594ab96b14faef987df918ca088c7784f8964e26a17075bcc4a009b6d23b8b96,archive,provider_documented
T1,2026-02-11T18:00:00Z,2026-02-12T09:00:00Z,15,0.12332588357702161,2026-02-10T00:00,sha256:594ab96b14faef987df918ca088c7784f8964e26a17075bcc4a009b6d23b8b96,archive,provider_documented
T1,2026-02-11T18:00:00Z,2026-02-12T10:00:00Z,16,0.28940080342349894,2026-02-10T00:00,sha256:594ab96b14faef987df918ca088c7784f8964e26a17075bcc4a009b6d23b8b96,archive,provider_documented
T1,2026-02-11T18:00:00Z,2026-02-12T11:00:00Z,17,0.28734398581601583,2026-02-10T00:00,sha256:594ab96b14faef987df918ca088c7784f8964e26a17075bcc4a009b6d23b8b96,archive,provider_documented
T1,2026-02-11T18:00:00Z,2026-02-12T12:00:00Z,18,0.28927356876297405,2026-02-10T00:00,sha256:594ab96b14faef987df918ca088c7784f8964e26a17075bcc4a009b6d23b8b96,archive,provider_documented
T1,2026-02-11T18:00:00Z,2026-02-12T13:00:00Z,19,0.31035561283992297,2026-02-10T00:00,sha256:594ab96b14faef987df918ca088c7784f8964e26a17075bcc4a009b6d23b8b96,archive,provider_documented
T1,2026-02-11T18:00:00Z,2026-02-12T14:00:00Z,20,0.17603935759294362,2026-02-10T00:00,sha256:594ab96b14faef987df918ca088c7784f8964e26a17075bcc4a009b6d23b8b96,archive,provider_documented
T1,2026-02-11T18:00:00Z,2026-02-12T15:00:00Z,21,0.06604818202409658,2026-02-10T00:00,sha256:594ab96b14faef987df918ca088c7784f8964e26a17075bcc4a009b6d23b8b96,archive,provider_documented
T1,2026-02-11T18:00:00Z,2026-02-12T16:00:00Z,22,0.07165857293361565,2026-02-10T00:00,sha256:594ab96b14faef987df918ca088c7784f8964e26a17075bcc4a009b6d23b8b96,archive,provider_documented
T1,2026-02-11T18:00:00Z,2026-02-12T17:00:00Z,23,0.09591421273020649,2026-02-10T00:00,sha256:594ab96b14faef987df918ca088c7784f8964e26a17075bcc4a009b6d23b8b96,archive,provider_documented
T1,2026-02-11T18:00:00Z,2026-02-12T18:00:00Z,24,0.07022713308016194,2026-02-10T00:00,sha256:594ab96b14faef987df918ca088c7784f8964e26a17075bcc4a009b6d23b8b96,archive,provider_documented
T2,2026-02-11T18:00:00Z,2026-02-11T19:00:00Z,1,0.9567071837692438,2026-02-10T00:00,sha256:071928f407ba189f1d74b42e9e9ac8b1c0b71991dbfd32c9574f67294a09100f,archive,provider_documented
T2,2026-02-11T18:00:00Z,2026-02-11T20:00:00Z,2,0.7217395093178176,2026-02-10T00:00,sha256:071928f407ba189f1d74b42e9e9ac8b1c0b71991dbfd32c9574f67294a09100f,archive,provider_documented
T2,2026-02-11T18:00:00Z,2026-02-11T21:00:00Z,3,0.8021119403435035,2026-02-10T00:00,sha256:071928f407ba189f1d74b42e9e9ac8b1c0b71991dbfd32c9574f67294a09100f,archive,provider_documented
T2,2026-02-11T18:00:00Z,2026-02-11T22:00:00Z,4,0.6960683102324345,2026-02-10T00:00,sha256:071928f407ba189f1d74b42e9e9ac8b1c0b71991dbfd32c9574f67294a09100f,archive,provider_documented
T2,2026-02-11T18:00:00Z,2026-02-11T23:00:00Z,5,0.7217395093178176,2026-02-10T00:00,sha256:071928f407ba189f1d74b42e9e9ac8b1c0b71991dbfd32c9574f67294a09100f,archive,provider_documented
T2,2026-02-11T18:00:00Z,2026-02-12T00:00:00Z,6,0.6626505736646919,2026-02-10T00:00,sha256:071928f407ba189f1d74b42e9e9ac8b1c0b71991dbfd32c9574f67294a09100f,archive,provider_documented
T2,2026-02-11T18:00:00Z,2026-02-12T01:00:00Z,7,0.43044957897182934,2026-02-10T00:00,sha256:071928f407ba189f1d74b42e9e9ac8b1c0b71991dbfd32c9574f67294a09100f,archive,provider_documented
T2,2026-02-11T18:00:00Z,2026-02-12T02:00:00Z,8,0.07151243686644647,2026-02-10T00:00,sha256:071928f407ba189f1d74b42e9e9ac8b1c0b71991dbfd32c9574f67294a09100f,archive,provider_documented
T2,2026-02-11T18:00:00Z,2026-02-12T03:00:00Z,9,0.029870247118237384,2026-02-10T00:00,sha256:071928f407ba189f1d74b42e9e9ac8b1c0b71991dbfd32c9574f67294a09100f,archive,provider_documented
T2,2026-02-11T18:00:00Z,2026-02-12T04:00:00Z,10,0.047200338878422766,2026-02-10T00:00,sha256:071928f407ba189f1d74b42e9e9ac8b1c0b71991dbfd32c9574f67294a09100f,archive,provider_documented
T2,2026-02-11T18:00:00Z,2026-02-12T05:00:00Z,11,0.02373422773814474,2026-02-10T00:00,sha256:071928f407ba189f1d74b42e9e9ac8b1c0b71991dbfd32c9574f67294a09100f,archive,provider_documented
T2,2026-02-11T18:00:00Z,2026-02-12T06:00:00Z,12,0.04072740652063699,2026-02-10T00:00,sha256:071928f407ba189f1d74b42e9e9ac8b1c0b71991dbfd32c9574f67294a09100f,archive,provider_documented
T2,2026-02-11T18:00:00Z,2026-02-12T07:00:00Z,13,0.17008866863767613,2026-02-10T00:00,sha256:071928f407ba189f1d74b42e9e9ac8b1c0b71991dbfd32c9574f67294a09100f,archive,provider_documented
T2,2026-02-11T18:00:00Z,2026-02-12T08:00:00Z,14,0.03800119485175809,2026-02-10T00:00,sha256:071928f407ba189f1d74b42e9e9ac8b1c0b71991dbfd32c9574f67294a09100f,archive,provider_documented
T2,2026-02-11T18:00:00Z,2026-02-12T09:00:00Z,15,0.1099335786367135,2026-02-10T00:00,sha256:071928f407ba189f1d74b42e9e9ac8b1c0b71991dbfd32c9574f67294a09100f,archive,provider_documented
T2,2026-02-11T18:00:00Z,2026-02-12T10:00:00Z,16,0.26094185991243224,2026-02-10T00:00,sha256:071928f407ba189f1d74b42e9e9ac8b1c0b71991dbfd32c9574f67294a09100f,archive,provider_documented
T2,2026-02-11T18:00:00Z,2026-02-12T11:00:00Z,17,0.2551072357566847,2026-02-10T00:00,sha256:071928f407ba189f1d74b42e9e9ac8b1c0b71991dbfd32c9574f67294a09100f,archive,provider_documented
T2,2026-02-11T18:00:00Z,2026-02-12T12:00:00Z,18,0.2807397700375376,2026-02-10T00:00,sha256:071928f407ba189f1d74b42e9e9ac8b1c0b71991dbfd32c9574f67294a09100f,archive,provider_documented
T2,2026-02-11T18:00:00Z,2026-02-12T13:00:00Z,19,0.29242132618959793,2026-02-10T00:00,sha256:071928f407ba189f1d74b42e9e9ac8b1c0b71991dbfd32c9574f67294a09100f,archive,provider_documented
T2,2026-02-11T18:00:00Z,2026-02-12T14:00:00Z,20,0.15526005332789244,2026-02-10T00:00,sha256:071928f407ba189f1d74b42e9e9ac8b1c0b71991dbfd32c9574f67294a09100f,archive,provider_documented
T2,2026-02-11T18:00:00Z,2026-02-12T15:00:00Z,21,0.047200338878422766,2026-02-10T00:00,sha256:071928f407ba189f1d74b42e9e9ac8b1c0b71991dbfd32c9574f67294a09100f,archive,provider_documented
T2,2026-02-11T18:00:00Z,2026-02-12T16:00:00Z,22,0.06277761082665705,2026-02-10T00:00,sha256:071928f407ba189f1d74b42e9e9ac8b1c0b71991dbfd32c9574f67294a09100f,archive,provider_documented
T2,2026-02-11T18:00:00Z,2026-02-12T17:00:00Z,23,0.07151243686644647,2026-02-10T00:00,sha256:071928f407ba189f1d74b42e9e9ac8b1c0b71991dbfd32c9574f67294a09100f,archive,provider_documented
T2,2026-02-11T18:00:00Z,2026-02-12T18:00:00Z,24,0.06277761082665705,2026-02-10T00:00,sha256:071928f407ba189f1d74b42e9e9ac8b1c0b71991dbfd32c9574f67294a09100f,archive,provider_documented
T1,2026-02-12T18:00:00Z,2026-02-12T19:00:00Z,1,0.07800599201344575,2026-02-11T00:00,sha256:594ab96b14faef987df918ca088c7784f8964e26a17075bcc4a009b6d23b8b96,archive,provider_documented
T1,2026-02-12T18:00:00Z,2026-02-12T20:00:00Z,2,0.02030279546074557,2026-02-11T00:00,sha256:594ab96b14faef987df918ca088c7784f8964e26a17075bcc4a009b6d23b8b96,archive,provider_documented
T1,2026-02-12T18:00:00Z,2026-02-12T21:00:00Z,3,0.014842489933613142,2026-02-11T00:00,sha256:594ab96b14faef987df918ca088c7784f8964e26a17075bcc4a009b6d23b8b96,archive,provider_documented
T1,2026-02-12T18:00:00Z,2026-02-12T22:00:00Z,4,0.014842489933613142,2026-02-11T00:00,sha256:594ab96b14faef987df918ca088c7784f8964e26a17075bcc4a009b6d23b8b96,archive,provider_documented
T1,2026-02-12T18:00:00Z,2026-02-12T23:00:00Z,5,0.05722584830948264,2026-02-11T00:00,sha256:594ab96b14faef987df918ca088c7784f8964e26a17075bcc4a009b6d23b8b96,archive,provider_documented
T1,2026-02-12T18:00:00Z,2026-02-13T00:00:00Z,6,0.09665398167109816,2026-02-11T00:00,sha256:594ab96b14faef987df918ca088c7784f8964e26a17075bcc4a009b6d23b8b96,archive,provider_documented
T1,2026-02-12T18:00:00Z,2026-02-13T01:00:00Z,7,0.18059138691237445,2026-02-11T00:00,sha256:594ab96b14faef987df918ca088c7784f8964e26a17075bcc4a009b6d23b8b96,archive,provider_documented
T1,2026-02-12T18:00:00Z,2026-02-13T02:00:00Z,8,0.07800599201344575,2026-02-11T00:00,sha256:594ab96b14faef987df918ca088c7784f8964e26a17075bcc4a009b6d23b8b96,archive,provider_documented
T1,2026-02-12T18:00:00Z,2026-02-13T03:00:00Z,9,0.1022616318100366,2026-02-11T00:00,sha256:594ab96b14faef987df918ca088c7784f8964e26a17075bcc4a009b6d23b8b96,archive,provider_documented
T1,2026-02-12T18:00:00Z,2026-02-13T04:00:00Z,10,0.18381821652622746,2026-02-11T00:00,sha256:594ab96b14faef987df918ca088c7784f8964e26a17075bcc4a009b6d23b8b96,archive,provider_documented
T1,2026-02-12T18:00:00Z,2026-02-13T05:00:00Z,11,0.07165857293361565,2026-02-11T00:00,sha256:594ab96b14faef987df918ca088c7784f8964e26a17075bcc4a009b6d23b8b96,archive,provider_documented
T1,2026-02-12T18:00:00Z,2026-02-13T06:00:00Z,12,0.07022713308016194,2026-02-11T00:00,sha256:594ab96b14faef987df918ca088c7784f8964e26a17075bcc4a009b6d23b8b96,archive,provider_documented
T1,2026-02-12T18:00:00Z,2026-02-13T07:00:00Z,13,0.09448277287675279,2026-02-11T00:00,sha256:594ab96b14faef987df918ca088c7784f8964e26a17075bcc4a009b6d23b8b96,archive,provider_documented
T1,2026-02-12T18:00:00Z,2026-02-13T08:00:00Z,14,0.12332588357702161,2026-02-11T00:00,sha256:594ab96b14faef987df918ca088c7784f8964e26a17075bcc4a009b6d23b8b96,archive,provider_documented
T1,2026-02-12T18:00:00Z,2026-02-13T09:00:00Z,15,0.31547495678214504,2026-02-11T00:00,sha256:594ab96b14faef987df918ca088c7784f8964e26a17075bcc4a009b6d23b8b96,archive,provider_documented
T1,2026-02-12T18:00:00Z,2026-02-13T10:00:00Z,16,0.2476507491429141,2026-02-11T00:00,sha256:594ab96b14faef987df918ca088c7784f8964e26a17075bcc4a009b6d23b8b96,archive,provider_documented
T1,2026-02-12T18:00:00Z,2026-02-13T11:00:00Z,17,0.23784028456934056,2026-02-11T00:00,sha256:594ab96b14faef987df918ca088c7784f8964e26a17075bcc4a009b6d23b8b96,archive,provider_documented
T1,2026-02-12T18:00:00Z,2026-02-13T12:00:00Z,18,0.11270096567291164,2026-02-11T00:00,sha256:594ab96b14faef987df918ca088c7784f8964e26a17075bcc4a009b6d23b8b96,archive,provider_documented
T1,2026-02-12T18:00:00Z,2026-02-13T13:00:00Z,19,0.1728125279790906,2026-02-11T00:00,sha256:594ab96b14faef987df918ca088c7784f8964e26a17075bcc4a009b6d23b8b96,archive,provider_documented
T1,2026-02-12T18:00:00Z,2026-02-13T14:00:00Z,20,0.1218260723313457,2026-02-11T00:00,sha256:594ab96b14faef987df918ca088c7784f8964e26a17075bcc4a009b6d23b8b96,archive,provider_documented
T1,2026-02-12T18:00:00Z,2026-02-13T15:00:00Z,21,0.10967912756425273,2026-02-11T00:00,sha256:594ab96b14faef987df918ca088c7784f8964e26a17075bcc4a009b6d23b8b96,archive,provider_documented
T1,2026-02-12T18:00:00Z,2026-02-13T16:00:00Z,22,0.15017722204229075,2026-02-11T00:00,sha256:594ab96b14faef987df918ca088c7784f8964e26a17075bcc4a009b6d23b8b96,archive,provider_documented
T1,2026-02-12T18:00:00Z,2026-02-13T17:00:00Z,23,0.3275444783741722,2026-02-11T00:00,sha256:594ab96b14faef987df918ca088c7784f8964e26a17075bcc4a009b6d23b8b96,archive,provider_documented
T1,2026-02-12T18:00:00Z,2026-02-13T18:00:00Z,24,0.47343344226689615,2026-02-11T00:00,sha256:594ab96b14faef987df918ca088c7784f8964e26a17075bcc4a009b6d23b8b96,archive,provider_documented
T2,2026-02-12T18:00:00Z,2026-02-12T19:00:00Z,1,0.05948198578834669,2026-02-11T00:00,sha256:071928f407ba189f1d74b42e9e9ac8b1c0b71991dbfd32c9574f67294a09100f,archive,provider_documented
T2,2026-02-12T18:00:00Z,2026-02-12T20:00:00Z,2,0.010855926508843797,2026-02-11T00:00,sha256:071928f407ba189f1d74b42e9e9ac8b1c0b71991dbfd32c9574f67294a09100f,archive,provider_documented
T2,2026-02-12T18:00:00Z,2026-02-12T21:00:00Z,3,0.011058427682067691,2026-02-11T00:00,sha256:071928f407ba189f1d74b42e9e9ac8b1c0b71991dbfd32c9574f67294a09100f,archive,provider_documented
T2,2026-02-12T18:00:00Z,2026-02-12T22:00:00Z,4,0.011058427682067691,2026-02-11T00:00,sha256:071928f407ba189f1d74b42e9e9ac8b1c0b71991dbfd32c9574f67294a09100f,archive,provider_documented
T2,2026-02-12T18:00:00Z,2026-02-12T23:00:00Z,5,0.04072740652063699,2026-02-11T00:00,sha256:071928f407ba189f1d74b42e9e9ac8b1c0b71991dbfd32c9574f67294a09100f,archive,provider_documented
T2,2026-02-12T18:00:00Z,2026-02-13T00:00:00Z,6,0.07151243686644647,2026-02-11T00:00,sha256:071928f407ba189f1d74b42e9e9ac8b1c0b71991dbfd32c9574f67294a09100f,archive,provider_documented
T2,2026-02-12T18:00:00Z,2026-02-13T01:00:00Z,7,0.1527811055380704,2026-02-11T00:00,sha256:071928f407ba189f1d74b42e9e9ac8b1c0b71991dbfd32c9574f67294a09100f,archive,provider_documented
T2,2026-02-12T18:00:00Z,2026-02-13T02:00:00Z,8,0.06277761082665705,2026-02-11T00:00,sha256:071928f407ba189f1d74b42e9e9ac8b1c0b71991dbfd32c9574f67294a09100f,archive,provider_documented
T2,2026-02-12T18:00:00Z,2026-02-13T03:00:00Z,9,0.07151243686644647,2026-02-11T00:00,sha256:071928f407ba189f1d74b42e9e9ac8b1c0b71991dbfd32c9574f67294a09100f,archive,provider_documented
T2,2026-02-12T18:00:00Z,2026-02-13T04:00:00Z,10,0.15526005332789244,2026-02-11T00:00,sha256:071928f407ba189f1d74b42e9e9ac8b1c0b71991dbfd32c9574f67294a09100f,archive,provider_documented
T2,2026-02-12T18:00:00Z,2026-02-13T05:00:00Z,11,0.06277761082665705,2026-02-11T00:00,sha256:071928f407ba189f1d74b42e9e9ac8b1c0b71991dbfd32c9574f67294a09100f,archive,provider_documented
T2,2026-02-12T18:00:00Z,2026-02-13T06:00:00Z,12,0.06277761082665705,2026-02-11T00:00,sha256:071928f407ba189f1d74b42e9e9ac8b1c0b71991dbfd32c9574f67294a09100f,archive,provider_documented
T2,2026-02-12T18:00:00Z,2026-02-13T07:00:00Z,13,0.07151243686644647,2026-02-11T00:00,sha256:071928f407ba189f1d74b42e9e9ac8b1c0b71991dbfd32c9574f67294a09100f,archive,provider_documented
T2,2026-02-12T18:00:00Z,2026-02-13T08:00:00Z,14,0.1099335786367135,2026-02-11T00:00,sha256:071928f407ba189f1d74b42e9e9ac8b1c0b71991dbfd32c9574f67294a09100f,archive,provider_documented
T2,2026-02-12T18:00:00Z,2026-02-13T09:00:00Z,15,0.2838478191273849,2026-02-11T00:00,sha256:071928f407ba189f1d74b42e9e9ac8b1c0b71991dbfd32c9574f67294a09100f,archive,provider_documented
T2,2026-02-12T18:00:00Z,2026-02-13T10:00:00Z,16,0.21494364629665355,2026-02-11T00:00,sha256:071928f407ba189f1d74b42e9e9ac8b1c0b71991dbfd32c9574f67294a09100f,archive,provider_documented
T2,2026-02-12T18:00:00Z,2026-02-13T11:00:00Z,17,0.21250773426089087,2026-02-11T00:00,sha256:071928f407ba189f1d74b42e9e9ac8b1c0b71991dbfd32c9574f67294a09100f,archive,provider_documented
T2,2026-02-12T18:00:00Z,2026-02-13T12:00:00Z,18,0.09948629033360125,2026-02-11T00:00,sha256:071928f407ba189f1d74b42e9e9ac8b1c0b71991dbfd32c9574f67294a09100f,archive,provider_documented
T2,2026-02-12T18:00:00Z,2026-02-13T13:00:00Z,19,0.1527811055380704,2026-02-11T00:00,sha256:071928f407ba189f1d74b42e9e9ac8b1c0b71991dbfd32c9574f67294a09100f,archive,provider_documented
T2,2026-02-12T18:00:00Z,2026-02-13T14:00:00Z,20,0.1128281712791059,2026-02-11T00:00,sha256:071928f407ba189f1d74b42e9e9ac8b1c0b71991dbfd32c9574f67294a09100f,archive,provider_documented
T2,2026-02-12T18:00:00Z,2026-02-13T15:00:00Z,21,0.07151243686644647,2026-02-11T00:00,sha256:071928f407ba189f1d74b42e9e9ac8b1c0b71991dbfd32c9574f67294a09100f,archive,provider_documented
T2,2026-02-12T18:00:00Z,2026-02-13T16:00:00Z,22,0.12199549225139984,2026-02-11T00:00,sha256:071928f407ba189f1d74b42e9e9ac8b1c0b71991dbfd32c9574f67294a09100f,archive,provider_documented
T2,2026-02-12T18:00:00Z,2026-02-13T17:00:00Z,23,0.3191900303232934,2026-02-11T00:00,sha256:071928f407ba189f1d74b42e9e9ac8b1c0b71991dbfd32c9574f67294a09100f,archive,provider_documented
T2,2026-02-12T18:00:00Z,2026-02-13T18:00:00Z,24,0.45979032161180333,2026-02-11T00:00,sha256:071928f407ba189f1d74b42e9e9ac8b1c0b71991dbfd32c9574f67294a09100f,archive,provider_documented
T1,2026-02-13T18:00:00Z,2026-02-13T19:00:00Z,1,0.7016436078737346,2026-02-12T00:00,sha256:594ab96b14faef987df918ca088c7784f8964e26a17075bcc4a009b6d23b8b96,archive,provider_documented
T1,2026-02-13T18:00:00Z,2026-02-13T20:00:00Z,2,0.7016436078737346,2026-02-12T00:00,sha256:594ab96b14faef987df918ca088c7784f8964e26a17075bcc4a009b6d23b8b96,archive,provider_documented
T1,2026-02-13T18:00:00Z,2026-02-13T21:00:00Z,3,0.7016436078737346,2026-02-12T00:00,sha256:594ab96b14faef987df918ca088c7784f8964e26a17075bcc4a009b6d23b8b96,archive,provider_documented
T1,2026-02-13T18:00:00Z,2026-02-13T22:00:00Z,4,0.7016436078737346,2026-02-12T00:00,sha256:594ab96b14faef987df918ca088c7784f8964e26a17075bcc4a009b6d23b8b96,archive,provider_documented
T1,2026-02-13T18:00:00Z,2026-02-13T23:00:00Z,5,0.5948052611102344,2026-02-12T00:00,sha256:594ab96b14faef987df918ca088c7784f8964e26a17075bcc4a009b6d23b8b96,archive,provider_documented
T1,2026-02-13T18:00:00Z,2026-02-14T00:00:00Z,6,0.06604818202409658,2026-02-12T00:00,sha256:594ab96b14faef987df918ca088c7784f8964e26a17075bcc4a009b6d23b8b96,archive,provider_documented
T1,2026-02-13T18:00:00Z,2026-02-14T01:00:00Z,7,0.011787929746785891,2026-02-12T00:00,sha256:594ab96b14faef987df918ca088c7784f8964e26a17075bcc4a009b6d23b8b96,archive,provider_documented
T1,2026-02-13T18:00:00Z,2026-02-14T02:00:00Z,8,0.011787929746785891,2026-02-12T00:00,sha256:594ab96b14faef987df918ca088c7784f8964e26a17075bcc4a009b6d23b8b96,archive,provider_documented
T1,2026-02-13T18:00:00Z,2026-02-14T03:00:00Z,9,0.01286559221012968,2026-02-12T00:00,sha256:594ab96b14faef987df918ca088c7784f8964e26a17075bcc4a009b6d23b8b96,archive,provider_documented
T1,2026-02-13T18:00:00Z,2026-02-14T04:00:00Z,10,0.010254980866220407,2026-02-12T00:00,sha256:594ab96b14faef987df918ca088c7784f8964e26a17075bcc4a009b6d23b8b96,archive,provider_documented
T1,2026-02-13T18:00:00Z,2026-02-14T05:00:00Z,11,0.010254980866220407,2026-02-12T00:00,sha256:594ab96b14faef987df918ca088c7784f8964e26a17075bcc4a009b6d23b8b96,archive,provider_documented
T1,2026-02-13T18:00:00Z,2026-02-14T06:00:00Z,12,0.012523936527461758,2026-02-12T00:00,sha256:594ab96b14faef987df918ca088c7784f8964e26a17075bcc4a009b6d23b8b96,archive,provider_documented
T1,2026-02-13T18:00:00Z,2026-02-14T07:00:00Z,13,0.024054893176008455,2026-02-12T00:00,sha256:594ab96b14faef987df918ca088c7784f8964e26a17075bcc4a009b6d23b8b96,archive,provider_documented
T1,2026-02-13T18:00:00Z,2026-02-14T08:00:00Z,14,0.06401149133463598,2026-02-12T00:00,sha256:594ab96b14faef987df918ca088c7784f8964e26a17075bcc4a009b6d23b8b96,archive,provider_documented
T1,2026-02-13T18:00:00Z,2026-02-14T09:00:00Z,15,0.14153995096221625,2026-02-12T00:00,sha256:594ab96b14faef987df918ca088c7784f8964e26a17075bcc4a009b6d23b8b96,archive,provider_documented
T1,2026-02-13T18:00:00Z,2026-02-14T10:00:00Z,16,0.2476507491429141,2026-02-12T00:00,sha256:594ab96b14faef987df918ca088c7784f8964e26a17075bcc4a009b6d23b8b96,archive,provider_documented
T1,2026-02-13T18:00:00Z,2026-02-14T11:00:00Z,17,0.12332588357702161,2026-02-12T00:00,sha256:594ab96b14faef987df918ca088c7784f8964e26a17075bcc4a009b6d23b8b96,archive,provider_documented
T1,2026-02-13T18:00:00Z,2026-02-14T12:00:00Z,18,0.05462434052126513,2026-02-12T00:00,sha256:594ab96b14faef987df918ca088c7784f8964e26a17075bcc4a009b6d23b8b96,archive,provider_documented
T1,2026-02-13T18:00:00Z,2026-02-14T13:00:00Z,19,0.07022713308016194,2026-02-12T00:00,sha256:594ab96b14faef987df918ca088c7784f8964e26a17075bcc4a009b6d23b8b96,archive,provider_documented
T1,2026-02-13T18:00:00Z,2026-02-14T14:00:00Z,20,0.18901429320057347,2026-02-12T00:00,sha256:594ab96b14faef987df918ca088c7784f8964e26a17075bcc4a009b6d23b8b96,archive,provider_documented
T1,2026-02-13T18:00:00Z,2026-02-14T15:00:00Z,21,0.16991655030127698,2026-02-12T00:00,sha256:594ab96b14faef987df918ca088c7784f8964e26a17075bcc4a009b6d23b8b96,archive,provider_documented
T1,2026-02-13T18:00:00Z,2026-02-14T16:00:00Z,22,0.09448277287675279,2026-02-12T00:00,sha256:594ab96b14faef987df918ca088c7784f8964e26a17075bcc4a009b6d23b8b96,archive,provider_documented
T1,2026-02-13T18:00:00Z,2026-02-14T17:00:00Z,23,0.1863467147419444,2026-02-12T00:00,sha256:594ab96b14faef987df918ca088c7784f8964e26a17075bcc4a009b6d23b8b96,archive,provider_documented
T1,2026-02-13T18:00:00Z,2026-02-14T18:00:00Z,24,0.115703265039679,2026-02-12T00:00,sha256:594ab96b14faef987df918ca088c7784f8964e26a17075bcc4a009b6d23b8b96,archive,provider_documented
T2,2026-02-13T18:00:00Z,2026-02-13T19:00:00Z,1,0.6960683102324345,2026-02-12T00:00,sha256:071928f407ba189f1d74b42e9e9ac8b1c0b71991dbfd32c9574f67294a09100f,archive,provider_documented
T2,2026-02-13T18:00:00Z,2026-02-13T20:00:00Z,2,0.6960683102324345,2026-02-12T00:00,sha256:071928f407ba189f1d74b42e9e9ac8b1c0b71991dbfd32c9574f67294a09100f,archive,provider_documented
T2,2026-02-13T18:00:00Z,2026-02-13T21:00:00Z,3,0.6990571491881716,2026-02-12T00:00,sha256:071928f407ba189f1d74b42e9e9ac8b1c0b71991dbfd32c9574f67294a09100f,archive,provider_documented
T2,2026-02-13T18:00:00Z,2026-02-13T22:00:00Z,4,0.6990571491881716,2026-02-12T00:00,sha256:071928f407ba189f1d74b42e9e9ac8b1c0b71991dbfd32c9574f67294a09100f,archive,provider_documented
T2,2026-02-13T18:00:00Z,2026-02-13T23:00:00Z,5,0.5545794794397995,2026-02-12T00:00,sha256:071928f407ba189f1d74b42e9e9ac8b1c0b71991dbfd32c9574f67294a09100f,archive,provider_documented
T2,2026-02-13T18:00:00Z,2026-02-14T00:00:00Z,6,0.047200338878422766,2026-02-12T00:00,sha256:071928f407ba189f1d74b42e9e9ac8b1c0b71991dbfd32c9574f67294a09100f,archive,provider_documented
T2,2026-02-13T18:00:00Z,2026-02-14T01:00:00Z,7,0.010301445237540003,2026-02-12T00:00,sha256:071928f407ba189f1d74b42e9e9ac8b1c0b71991dbfd32c9574f67294a09100f,archive,provider_documented
T2,2026-02-13T18:00:00Z,2026-02-14T02:00:00Z,8,0.010301445237540003,2026-02-12T00:00,sha256:071928f407ba189f1d74b42e9e9ac8b1c0b71991dbfd32c9574f67294a09100f,archive,provider_documented
T2,2026-02-13T18:00:00Z,2026-02-14T03:00:00Z,9,0.010855926508843797,2026-02-12T00:00,sha256:071928f407ba189f1d74b42e9e9ac8b1c0b71991dbfd32c9574f67294a09100f,archive,provider_documented
T2,2026-02-13T18:00:00Z,2026-02-14T04:00:00Z,10,0.010008242671297135,2026-02-12T00:00,sha256:071928f407ba189f1d74b42e9e9ac8b1c0b71991dbfd32c9574f67294a09100f,archive,provider_documented
T2,2026-02-13T18:00:00Z,2026-02-14T05:00:00Z,11,0.010008242671297135,2026-02-12T00:00,sha256:071928f407ba189f1d74b42e9e9ac8b1c0b71991dbfd32c9574f67294a09100f,archive,provider_documented
T2,2026-02-13T18:00:00Z,2026-02-14T06:00:00Z,12,0.010855926508843797,2026-02-12T00:00,sha256:071928f407ba189f1d74b42e9e9ac8b1c0b71991dbfd32c9574f67294a09100f,archive,provider_documented
T2,2026-02-13T18:00:00Z,2026-02-14T07:00:00Z,13,0.022807645658208284,2026-02-12T00:00,sha256:071928f407ba189f1d74b42e9e9ac8b1c0b71991dbfd32c9574f67294a09100f,archive,provider_documented
T2,2026-02-13T18:00:00Z,2026-02-14T08:00:00Z,14,0.05650157086393155,2026-02-12T00:00,sha256:071928f407ba189f1d74b42e9e9ac8b1c0b71991dbfd32c9574f67294a09100f,archive,provider_documented
T2,2026-02-13T18:00:00Z,2026-02-14T09:00:00Z,15,0.1229854116928463,2026-02-12T00:00,sha256:071928f407ba189f1d74b42e9e9ac8b1c0b71991dbfd32c9574f67294a09100f,archive,provider_documented
T2,2026-02-13T18:00:00Z,2026-02-14T10:00:00Z,16,0.21494364629665355,2026-02-12T00:00,sha256:071928f407ba189f1d74b42e9e9ac8b1c0b71991dbfd32c9574f67294a09100f,archive,provider_documented
T2,2026-02-13T18:00:00Z,2026-02-14T11:00:00Z,17,0.1099335786367135,2026-02-12T00:00,sha256:071928f407ba189f1d74b42e9e9ac8b1c0b71991dbfd32c9574f67294a09100f,archive,provider_documented
T2,2026-02-13T18:00:00Z,2026-02-14T12:00:00Z,18,0.04072740652063699,2026-02-12T00:00,sha256:071928f407ba189f1d74b42e9e9ac8b1c0b71991dbfd32c9574f67294a09100f,archive,provider_documented
T2,2026-02-13T18:00:00Z,2026-02-14T13:00:00Z,19,0.06277761082665705,2026-02-12T00:00,sha256:071928f407ba189f1d74b42e9e9ac8b1c0b71991dbfd32c9574f67294a09100f,archive,provider_documented
T2,2026-02-13T18:00:00Z,2026-02-14T14:00:00Z,20,0.1973960144918519,2026-02-12T00:00,sha256:071928f407ba189f1d74b42e9e9ac8b1c0b71991dbfd32c9574f67294a09100f,archive,provider_documented
T2,2026-02-13T18:00:00Z,2026-02-14T15:00:00Z,21,0.14191817238238774,2026-02-12T00:00,sha256:071928f407ba189f1d74b42e9e9ac8b1c0b71991dbfd32c9574f67294a09100f,archive,provider_documented
T2,2026-02-13T18:00:00Z,2026-02-14T16:00:00Z,22,0.07151243686644647,2026-02-12T00:00,sha256:071928f407ba189f1d74b42e9e9ac8b1c0b71991dbfd32c9574f67294a09100f,archive,provider_documented
T2,2026-02-13T18:00:00Z,2026-02-14T17:00:00Z,23,0.14191817238238774,2026-02-12T00:00,sha256:071928f407ba189f1d74b42e9e9ac8b1c0b71991dbfd32c9574f67294a09100f,archive,provider_documented
T2,2026-02-13T18:00:00Z,2026-02-14T18:00:00Z,24,0.09948629033360125,2026-02-12T00:00,sha256:071928f407ba189f1d74b42e9e9ac8b1c0b71991dbfd32c9574f67294a09100f,archive,provider_documented
T1,2026-02-14T18:00:00Z,2026-02-14T19:00:00Z,1,0.012523936527461758,2026-02-13T00:00,sha256:594ab96b14faef987df918ca088c7784f8964e26a17075bcc4a009b6d23b8b96,archive,provider_documented
T1,2026-02-14T18:00:00Z,2026-02-14T20:00:00Z,2,0.012523936527461758,2026-02-13T00:00,sha256:594ab96b14faef987df918ca088c7784f8964e26a17075bcc4a009b6d23b8b96,archive,provider_documented
T1,2026-02-14T18:00:00Z,2026-02-14T21:00:00Z,3,0.010254980866220407,2026-02-13T00:00,sha256:594ab96b14faef987df918ca088c7784f8964e26a17075bcc4a009b6d23b8b96,archive,provider_documented
T1,2026-02-14T18:00:00Z,2026-02-14T22:00:00Z,4,0.013998060211247271,2026-02-13T00:00,sha256:594ab96b14faef987df918ca088c7784f8964e26a17075bcc4a009b6d23b8b96,archive,provider_documented
T1,2026-02-14T18:00:00Z,2026-02-14T23:00:00Z,5,0.014842489933613142,2026-02-13T00:00,sha256:594ab96b14faef987df918ca088c7784f8964e26a17075bcc4a009b6d23b8b96,archive,provider_documented
T1,2026-02-14T18:00:00Z,2026-02-15T00:00:00Z,6,0.0738270409573804,2026-02-13T00:00,sha256:594ab96b14faef987df918ca088c7784f8964e26a17075bcc4a009b6d23b8b96,archive,provider_documented
T1,2026-02-14T18:00:00Z,2026-02-15T01:00:00Z,7,0.16200136556636083,2026-02-13T00:00,sha256:594ab96b14faef987df918ca088c7784f8964e26a17075bcc4a009b6d23b8b96,archive,provider_documented
T1,2026-02-14T18:00:00Z,2026-02-15T02:00:00Z,8,0.31178705269337664,2026-02-13T00:00,sha256:594ab96b14faef987df918ca088c7784f8964e26a17075bcc4a009b6d23b8b96,archive,provider_documented
T1,2026-02-14T18:00:00Z,2026-02-15T03:00:00Z,9,0.41001185052301486,2026-02-13T00:00,sha256:594ab96b14faef987df918ca088c7784f8964e26a17075bcc4a009b6d23b8b96,archive,provider_documented
T1,2026-02-14T18:00:00Z,2026-02-15T04:00:00Z,10,0.5277647860549761,2026-02-13T00:00,sha256:594ab96b14faef987df918ca088c7784f8964e26a17075bcc4a009b6d23b8b96,archive,provider_documented
T1,2026-02-14T18:00:00Z,2026-02-15T05:00:00Z,11,0.7443184673834659,2026-02-13T00:00,sha256:594ab96b14faef987df918ca088c7784f8964e26a17075bcc4a009b6d23b8b96,archive,provider_documented
T1,2026-02-14T18:00:00Z,2026-02-15T06:00:00Z,12,0.8774144591669344,2026-02-13T00:00,sha256:594ab96b14faef987df918ca088c7784f8964e26a17075bcc4a009b6d23b8b96,archive,provider_documented
T1,2026-02-14T18:00:00Z,2026-02-15T07:00:00Z,13,0.9889613841345244,2026-02-13T00:00,sha256:594ab96b14faef987df918ca088c7784f8964e26a17075bcc4a009b6d23b8b96,archive,provider_documented
T1,2026-02-14T18:00:00Z,2026-02-15T08:00:00Z,14,0.9889613841345244,2026-02-13T00:00,sha256:594ab96b14faef987df918ca088c7784f8964e26a17075bcc4a009b6d23b8b96,archive,provider_documented
T1,2026-02-14T18:00:00Z,2026-02-15T09:00:00Z,15,0.9794915281770178,2026-02-13T00:00,sha256:594ab96b14faef987df918ca088c7784f8964e26a17075bcc4a009b6d23b8b96,archive,provider_documented
T1,2026-02-14T18:00:00Z,2026-02-15T10:00:00Z,16,0.9517004024491966,2026-02-13T00:00,sha256:594ab96b14faef987df918ca088c7784f8964e26a17075bcc4a009b6d23b8b96,archive,provider_documented
T1,2026-02-14T18:00:00Z,2026-02-15T11:00:00Z,17,0.8774144591669344,2026-02-13T00:00,sha256:594ab96b14faef987df918ca088c7784f8964e26a17075bcc4a009b6d23b8b96,archive,provider_documented
T1,2026-02-14T18:00:00Z,2026-02-15T12:00:00Z,18,0.7443184673834659,2026-02-13T00:00,sha256:594ab96b14faef987df918ca088c7784f8964e26a17075bcc4a009b6d23b8b96,archive,provider_documented
T1,2026-02-14T18:00:00Z,2026-02-15T13:00:00Z,19,0.6720643998401706,2026-02-13T00:00,sha256:594ab96b14faef987df918ca088c7784f8964e26a17075bcc4a009b6d23b8b96,archive,provider_documented
T1,2026-02-14T18:00:00Z,2026-02-15T14:00:00Z,20,0.7016436078737346,2026-02-13T00:00,sha256:594ab96b14faef987df918ca088c7784f8964e26a17075bcc4a009b6d23b8b96,archive,provider_documented
T1,2026-02-14T18:00:00Z,2026-02-15T15:00:00Z,21,0.8159957386495215,2026-02-13T00:00,sha256:594ab96b14faef987df918ca088c7784f8964e26a17075bcc4a009b6d23b8b96,archive,provider_documented
T1,2026-02-14T18:00:00Z,2026-02-15T16:00:00Z,22,0.8159957386495215,2026-02-13T00:00,sha256:594ab96b14faef987df918ca088c7784f8964e26a17075bcc4a009b6d23b8b96,archive,provider_documented
T1,2026-02-14T18:00:00Z,2026-02-15T17:00:00Z,23,0.7016436078737346,2026-02-13T00:00,sha256:594ab96b14faef987df918ca088c7784f8964e26a17075bcc4a009b6d23b8b96,archive,provider_documented
T1,2026-02-14T18:00:00Z,2026-02-15T18:00:00Z,24,0.7016436078737346,2026-02-13T00:00,sha256:594ab96b14faef987df918ca088c7784f8964e26a17075bcc4a009b6d23b8b96,archive,provider_documented
T2,2026-02-14T18:00:00Z,2026-02-14T19:00:00Z,1,0.010855926508843797,2026-02-13T00:00,sha256:071928f407ba189f1d74b42e9e9ac8b1c0b71991dbfd32c9574f67294a09100f,archive,provider_documented
T2,2026-02-14T18:00:00Z,2026-02-14T20:00:00Z,2,0.010855926508843797,2026-02-13T00:00,sha256:071928f407ba189f1d74b42e9e9ac8b1c0b71991dbfd32c9574f67294a09100f,archive,provider_documented
T2,2026-02-14T18:00:00Z,2026-02-14T21:00:00Z,3,0.010008242671297135,2026-02-13T00:00,sha256:071928f407ba189f1d74b42e9e9ac8b1c0b71991dbfd32c9574f67294a09100f,archive,provider_documented
T2,2026-02-14T18:00:00Z,2026-02-14T22:00:00Z,4,0.010855926508843797,2026-02-13T00:00,sha256:071928f407ba189f1d74b42e9e9ac8b1c0b71991dbfd32c9574f67294a09100f,archive,provider_documented
T2,2026-02-14T18:00:00Z,2026-02-14T23:00:00Z,5,0.011058427682067691,2026-02-13T00:00,sha256:071928f407ba189f1d74b42e9e9ac8b1c0b71991dbfd32c9574f67294a09100f,archive,provider_documented
T2,2026-02-14T18:00:00Z,2026-02-15T00:00:00Z,6,0.047200338878422766,2026-02-13T00:00,sha256:071928f407ba189f1d74b42e9e9ac8b1c0b71991dbfd32c9574f67294a09100f,archive,provider_documented
T2,2026-02-14T18:00:00Z,2026-02-15T01:00:00Z,7,0.1382863255847333,2026-02-13T00:00,sha256:071928f407ba189f1d74b42e9e9ac8b1c0b71991dbfd32c9574f67294a09100f,archive,provider_documented
T2,2026-02-14T18:00:00Z,2026-02-15T02:00:00Z,8,0.29559708471721735,2026-02-13T00:00,sha256:071928f407ba189f1d74b42e9e9ac8b1c0b71991dbfd32c9574f67294a09100f,archive,provider_documented
T2,2026-02-14T18:00:00Z,2026-02-15T03:00:00Z,9,0.38119405871101397,2026-02-13T00:00,sha256:071928f407ba189f1d74b42e9e9ac8b1c0b71991dbfd32c9574f67294a09100f,archive,provider_documented
T2,2026-02-14T18:00:00Z,2026-02-15T04:00:00Z,10,0.536899413019943,2026-02-13T00:00,sha256:071928f407ba189f1d74b42e9e9ac8b1c0b71991dbfd32c9574f67294a09100f,archive,provider_documented
T2,2026-02-14T18:00:00Z,2026-02-15T05:00:00Z,11,0.7458417322570523,2026-02-13T00:00,sha256:071928f407ba189f1d74b42e9e9ac8b1c0b71991dbfd32c9574f67294a09100f,archive,provider_documented
T2,2026-02-14T18:00:00Z,2026-02-15T06:00:00Z,12,0.8978891308056005,2026-02-13T00:00,sha256:071928f407ba189f1d74b42e9e9ac8b1c0b71991dbfd32c9574f67294a09100f,archive,provider_documented
T2,2026-02-14T18:00:00Z,2026-02-15T07:00:00Z,13,0.9699553001842592,2026-02-13T00:00,sha256:071928f407ba189f1d74b42e9e9ac8b1c0b71991dbfd32c9574f67294a09100f,archive,provider_documented
T2,2026-02-14T18:00:00Z,2026-02-15T08:00:00Z,14,0.9699729236460276,2026-02-13T00:00,sha256:071928f407ba189f1d74b42e9e9ac8b1c0b71991dbfd32c9574f67294a09100f,archive,provider_documented
T2,2026-02-14T18:00:00Z,2026-02-15T09:00:00Z,15,0.9690914365527753,2026-02-13T00:00,sha256:071928f407ba189f1d74b42e9e9ac8b1c0b71991dbfd32c9574f67294a09100f,archive,provider_documented
T2,2026-02-14T18:00:00Z,2026-02-15T10:00:00Z,16,0.9652098984383289,2026-02-13T00:00,sha256:071928f407ba189f1d74b42e9e9ac8b1c0b71991dbfd32c9574f67294a09100f,archive,provider_documented
T2,2026-02-14T18:00:00Z,2026-02-15T11:00:00Z,17,0.897066093063928,2026-02-13T00:00,sha256:071928f407ba189f1d74b42e9e9ac8b1c0b71991dbfd32c9574f67294a09100f,archive,provider_documented
T2,2026-02-14T18:00:00Z,2026-02-15T12:00:00Z,18,0.7391673513261783,2026-02-13T00:00,sha256:071928f407ba189f1d74b42e9e9ac8b1c0b71991dbfd32c9574f67294a09100f,archive,provider_documented
T2,2026-02-14T18:00:00Z,2026-02-15T13:00:00Z,19,0.6192130369432061,2026-02-13T00:00,sha256:071928f407ba189f1d74b42e9e9ac8b1c0b71991dbfd32c9574f67294a09100f,archive,provider_documented
T2,2026-02-14T18:00:00Z,2026-02-15T14:00:00Z,20,0.6960683102324345,2026-02-13T00:00,sha256:071928f407ba189f1d74b42e9e9ac8b1c0b71991dbfd32c9574f67294a09100f,archive,provider_documented
T2,2026-02-14T18:00:00Z,2026-02-15T15:00:00Z,21,0.8087863212743776,2026-02-13T00:00,sha256:071928f407ba189f1d74b42e9e9ac8b1c0b71991dbfd32c9574f67294a09100f,archive,provider_documented
T2,2026-02-14T18:00:00Z,2026-02-15T16:00:00Z,22,0.807462593223748,2026-02-13T00:00,sha256:071928f407ba189f1d74b42e9e9ac8b1c0b71991dbfd32c9574f67294a09100f,archive,provider_documented
T2,2026-02-14T18:00:00Z,2026-02-15T17:00:00Z,23,0.7217395093178176,2026-02-13T00:00,sha256:071928f407ba189f1d74b42e9e9ac8b1c0b71991dbfd32c9574f67294a09100f,archive,provider_documented
T2,2026-02-14T18:00:00Z,2026-02-15T18:00:00Z,24,0.6960683102324345,2026-02-13T00:00,sha256:071928f407ba189f1d74b42e9e9ac8b1c0b71991dbfd32c9574f67294a09100f,archive,provider_documented
T1,2026-02-15T18:00:00Z,2026-02-15T19:00:00Z,1,0.47343344226689615,2026-02-14T00:00,sha256:594ab96b14faef987df918ca088c7784f8964e26a17075bcc4a009b6d23b8b96,archive,provider_documented
T1,2026-02-15T18:00:00Z,2026-02-15T20:00:00Z,2,0.3961806005230149,2026-02-14T00:00,sha256:594ab96b14faef987df918ca088c7784f8964e26a17075bcc4a009b6d23b8b96,archive,provider_documented
T1,2026-02-15T18:00:00Z,2026-02-15T21:00:00Z,3,0.3042328055482564,2026-02-14T00:00,sha256:594ab96b14faef987df918ca088c7784f8964e26a17075bcc4a009b6d23b8b96,archive,provider_documented
T1,2026-02-15T18:00:00Z,2026-02-15T22:00:00Z,4,0.3042328055482564,2026-02-14T00:00,sha256:594ab96b14faef987df918ca088c7784f8964e26a17075bcc4a009b6d23b8b96,archive,provider_documented
T1,2026-02-15T18:00:00Z,2026-02-15T23:00:00Z,5,0.3042328055482564,2026-02-14T00:00,sha256:594ab96b14faef987df918ca088c7784f8964e26a17075bcc4a009b6d23b8b96,archive,provider_documented
T1,2026-02-15T18:00:00Z,2026-02-16T00:00:00Z,6,0.3042328055482564,2026-02-14T00:00,sha256:594ab96b14faef987df918ca088c7784f8964e26a17075bcc4a009b6d23b8b96,archive,provider_documented
T1,2026-02-15T18:00:00Z,2026-02-16T01:00:00Z,7,0.31035561283992297,2026-02-14T00:00,sha256:594ab96b14faef987df918ca088c7784f8964e26a17075bcc4a009b6d23b8b96,archive,provider_documented
T1,2026-02-15T18:00:00Z,2026-02-16T02:00:00Z,8,0.3275444783741722,2026-02-14T00:00,sha256:594ab96b14faef987df918ca088c7784f8964e26a17075bcc4a009b6d23b8b96,archive,provider_documented
T1,2026-02-15T18:00:00Z,2026-02-16T03:00:00Z,9,0.6232380748880486,2026-02-14T00:00,sha256:594ab96b14faef987df918ca088c7784f8964e26a17075bcc4a009b6d23b8b96,archive,provider_documented
T1,2026-02-15T18:00:00Z,2026-02-16T04:00:00Z,10,0.511072665507281,2026-02-14T00:00,sha256:594ab96b14faef987df918ca088c7784f8964e26a17075bcc4a009b6d23b8b96,archive,provider_documented
T1,2026-02-15T18:00:00Z,2026-02-16T05:00:00Z,11,0.6132597935824334,2026-02-14T00:00,sha256:594ab96b14faef987df918ca088c7784f8964e26a17075bcc4a009b6d23b8b96,archive,provider_documented
T1,2026-02-15T18:00:00Z,2026-02-16T06:00:00Z,12,0.6131294118112006,2026-02-14T00:00,sha256:594ab96b14faef987df918ca088c7784f8964e26a17075bcc4a009b6d23b8b96,archive,provider_documented
T1,2026-02-15T18:00:00Z,2026-02-16T07:00:00Z,13,0.7361427280892393,2026-02-14T00:00,sha256:594ab96b14faef987df918ca088c7784f8964e26a17075bcc4a009b6d23b8b96,archive,provider_documented
T1,2026-02-15T18:00:00Z,2026-02-16T08:00:00Z,14,0.7542325457975726,2026-02-14T00:00,sha256:594ab96b14faef987df918ca088c7784f8964e26a17075bcc4a009b6d23b8b96,archive,provider_documented
T1,2026-02-15T18:00:00Z,2026-02-16T09:00:00Z,15,0.7542325457975726,2026-02-14T00:00,sha256:594ab96b14faef987df918ca088c7784f8964e26a17075bcc4a009b6d23b8b96,archive,provider_documented
T1,2026-02-15T18:00:00Z,2026-02-16T10:00:00Z,16,0.6992091680741382,2026-02-14T00:00,sha256:594ab96b14faef987df918ca088c7784f8964e26a17075bcc4a009b6d23b8b96,archive,provider_documented
T1,2026-02-15T18:00:00Z,2026-02-16T11:00:00Z,17,0.39005579141579133,2026-02-14T00:00,sha256:594ab96b14faef987df918ca088c7784f8964e26a17075bcc4a009b6d23b8b96,archive,provider_documented
T1,2026-02-15T18:00:00Z,2026-02-16T12:00:00Z,18,0.14153995096221625,2026-02-14T00:00,sha256:594ab96b14faef987df918ca088c7784f8964e26a17075bcc4a009b6d23b8b96,archive,provider_documented
T1,2026-02-15T18:00:00Z,2026-02-16T13:00:00Z,19,0.11928059898623543,2026-02-14T00:00,sha256:594ab96b14faef987df918ca088c7784f8964e26a17075bcc4a009b6d23b8b96,archive,provider_documented
T1,2026-02-15T18:00:00Z,2026-02-16T14:00:00Z,20,0.12417562657497562,2026-02-14T00:00,sha256:594ab96b14faef987df918ca088c7784f8964e26a17075bcc4a009b6d23b8b96,archive,provider_documented
T1,2026-02-15T18:00:00Z,2026-02-16T15:00:00Z,21,0.2280971531929797,2026-02-14T00:00,sha256:594ab96b14faef987df918ca088c7784f8964e26a17075bcc4a009b6d23b8b96,archive,provider_documented
T1,2026-02-15T18:00:00Z,2026-02-16T16:00:00Z,22,0.3042328055482564,2026-02-14T00:00,sha256:594ab96b14faef987df918ca088c7784f8964e26a17075bcc4a009b6d23b8b96,archive,provider_documented
T1,2026-02-15T18:00:00Z,2026-02-16T17:00:00Z,23,0.31035561283992297,2026-02-14T00:00,sha256:594ab96b14faef987df918ca088c7784f8964e26a17075bcc4a009b6d23b8b96,archive,provider_documented
T1,2026-02-15T18:00:00Z,2026-02-16T18:00:00Z,24,0.34137433156427643,2026-02-14T00:00,sha256:594ab96b14faef987df918ca088c7784f8964e26a17075bcc4a009b6d23b8b96,archive,provider_documented
T2,2026-02-15T18:00:00Z,2026-02-15T19:00:00Z,1,0.47147111510717676,2026-02-14T00:00,sha256:071928f407ba189f1d74b42e9e9ac8b1c0b71991dbfd32c9574f67294a09100f,archive,provider_documented
T2,2026-02-15T18:00:00Z,2026-02-15T20:00:00Z,2,0.3689196118415998,2026-02-14T00:00,sha256:071928f407ba189f1d74b42e9e9ac8b1c0b71991dbfd32c9574f67294a09100f,archive,provider_documented
T2,2026-02-15T18:00:00Z,2026-02-15T21:00:00Z,3,0.29242132618959793,2026-02-14T00:00,sha256:071928f407ba189f1d74b42e9e9ac8b1c0b71991dbfd32c9574f67294a09100f,archive,provider_documented
T2,2026-02-15T18:00:00Z,2026-02-15T22:00:00Z,4,0.2633777719481949,2026-02-14T00:00,sha256:071928f407ba189f1d74b42e9e9ac8b1c0b71991dbfd32c9574f67294a09100f,archive,provider_documented
T2,2026-02-15T18:00:00Z,2026-02-15T23:00:00Z,5,0.2633777719481949,2026-02-14T00:00,sha256:071928f407ba189f1d74b42e9e9ac8b1c0b71991dbfd32c9574f67294a09100f,archive,provider_documented
T2,2026-02-15T18:00:00Z,2026-02-16T00:00:00Z,6,0.29242132618959793,2026-02-14T00:00,sha256:071928f407ba189f1d74b42e9e9ac8b1c0b71991dbfd32c9574f67294a09100f,archive,provider_documented
T2,2026-02-15T18:00:00Z,2026-02-16T01:00:00Z,7,0.29242132618959793,2026-02-14T00:00,sha256:071928f407ba189f1d74b42e9e9ac8b1c0b71991dbfd32c9574f67294a09100f,archive,provider_documented
T2,2026-02-15T18:00:00Z,2026-02-16T02:00:00Z,8,0.3191900303232934,2026-02-14T00:00,sha256:071928f407ba189f1d74b42e9e9ac8b1c0b71991dbfd32c9574f67294a09100f,archive,provider_documented
T2,2026-02-15T18:00:00Z,2026-02-16T03:00:00Z,9,0.592230524228119,2026-02-14T00:00,sha256:071928f407ba189f1d74b42e9e9ac8b1c0b71991dbfd32c9574f67294a09100f,archive,provider_documented
T2,2026-02-15T18:00:00Z,2026-02-16T04:00:00Z,10,0.4697353940178991,2026-02-14T00:00,sha256:071928f407ba189f1d74b42e9e9ac8b1c0b71991dbfd32c9574f67294a09100f,archive,provider_documented
T2,2026-02-15T18:00:00Z,2026-02-16T05:00:00Z,11,0.6234514179533457,2026-02-14T00:00,sha256:071928f407ba189f1d74b42e9e9ac8b1c0b71991dbfd32c9574f67294a09100f,archive,provider_documented
T2,2026-02-15T18:00:00Z,2026-02-16T06:00:00Z,12,0.6232509151872252,2026-02-14T00:00,sha256:071928f407ba189f1d74b42e9e9ac8b1c0b71991dbfd32c9574f67294a09100f,archive,provider_documented
T2,2026-02-15T18:00:00Z,2026-02-16T07:00:00Z,13,0.7265568573037042,2026-02-14T00:00,sha256:071928f407ba189f1d74b42e9e9ac8b1c0b71991dbfd32c9574f67294a09100f,archive,provider_documented
T2,2026-02-15T18:00:00Z,2026-02-16T08:00:00Z,14,0.7411898206762764,2026-02-14T00:00,sha256:071928f407ba189f1d74b42e9e9ac8b1c0b71991dbfd32c9574f67294a09100f,archive,provider_documented
T2,2026-02-15T18:00:00Z,2026-02-16T09:00:00Z,15,0.734236174194943,2026-02-14T00:00,sha256:071928f407ba189f1d74b42e9e9ac8b1c0b71991dbfd32c9574f67294a09100f,archive,provider_documented
T2,2026-02-15T18:00:00Z,2026-02-16T10:00:00Z,16,0.6538336781239051,2026-02-14T00:00,sha256:071928f407ba189f1d74b42e9e9ac8b1c0b71991dbfd32c9574f67294a09100f,archive,provider_documented
T2,2026-02-15T18:00:00Z,2026-02-16T11:00:00Z,17,0.38592620443231246,2026-02-14T00:00,sha256:071928f407ba189f1d74b42e9e9ac8b1c0b71991dbfd32c9574f67294a09100f,archive,provider_documented
T2,2026-02-15T18:00:00Z,2026-02-16T12:00:00Z,18,0.1229854116928463,2026-02-14T00:00,sha256:071928f407ba189f1d74b42e9e9ac8b1c0b71991dbfd32c9574f67294a09100f,archive,provider_documented
T2,2026-02-15T18:00:00Z,2026-02-16T13:00:00Z,19,0.09364274530338025,2026-02-14T00:00,sha256:071928f407ba189f1d74b42e9e9ac8b1c0b71991dbfd32c9574f67294a09100f,archive,provider_documented
T2,2026-02-15T18:00:00Z,2026-02-16T14:00:00Z,20,0.1099335786367135,2026-02-14T00:00,sha256:071928f407ba189f1d74b42e9e9ac8b1c0b71991dbfd32c9574f67294a09100f,archive,provider_documented
T2,2026-02-15T18:00:00Z,2026-02-16T15:00:00Z,21,0.1973960144918519,2026-02-14T00:00,sha256:071928f407ba189f1d74b42e9e9ac8b1c0b71991dbfd32c9574f67294a09100f,archive,provider_documented
T2,2026-02-15T18:00:00Z,2026-02-16T16:00:00Z,22,0.2633777719481949,2026-02-14T00:00,sha256:071928f407ba189f1d74b42e9e9ac8b1c0b71991dbfd32c9574f67294a09100f,archive,provider_documented
T2,2026-02-15T18:00:00Z,2026-02-16T17:00:00Z,23,0.29242132618959793,2026-02-14T00:00,sha256:071928f407ba189f1d74b42e9e9ac8b1c0b71991dbfd32c9574f67294a09100f,archive,provider_documented
T2,2026-02-15T18:00:00Z,2026-02-16T18:00:00Z,24,0.3351018707251191,2026-02-14T00:00,sha256:071928f407ba189f1d74b42e9e9ac8b1c0b71991dbfd32c9574f67294a09100f,archive,provider_documented
T1,2026-02-16T18:00:00Z,2026-02-16T19:00:00Z,1,0.17603935759294362,2026-02-15T00:00,sha256:594ab96b14faef987df918ca088c7784f8964e26a17075bcc4a009b6d23b8b96,archive,provider_documented
T1,2026-02-16T18:00:00Z,2026-02-16T20:00:00Z,2,0.23421996048464636,2026-02-15T00:00,sha256:594ab96b14faef987df918ca088c7784f8964e26a17075bcc4a009b6d23b8b96,archive,provider_documented
T1,2026-02-16T18:00:00Z,2026-02-16T21:00:00Z,3,0.31035561283992297,2026-02-15T00:00,sha256:594ab96b14faef987df918ca088c7784f8964e26a17075bcc4a009b6d23b8b96,archive,provider_documented
T1,2026-02-16T18:00:00Z,2026-02-16T22:00:00Z,4,0.23421996048464636,2026-02-15T00:00,sha256:594ab96b14faef987df918ca088c7784f8964e26a17075bcc4a009b6d23b8b96,archive,provider_documented
T1,2026-02-16T18:00:00Z,2026-02-16T23:00:00Z,5,0.11270096567291164,2026-02-15T00:00,sha256:594ab96b14faef987df918ca088c7784f8964e26a17075bcc4a009b6d23b8b96,archive,provider_documented
T1,2026-02-16T18:00:00Z,2026-02-17T00:00:00Z,6,0.1672489718426479,2026-02-15T00:00,sha256:594ab96b14faef987df918ca088c7784f8964e26a17075bcc4a009b6d23b8b96,archive,provider_documented
T1,2026-02-16T18:00:00Z,2026-02-17T01:00:00Z,7,0.1454321208827812,2026-02-15T00:00,sha256:594ab96b14faef987df918ca088c7784f8964e26a17075bcc4a009b6d23b8b96,archive,provider_documented
T1,2026-02-16T18:00:00Z,2026-02-17T02:00:00Z,8,0.057542603605088304,2026-02-15T00:00,sha256:594ab96b14faef987df918ca088c7784f8964e26a17075bcc4a009b6d23b8b96,archive,provider_documented
T1,2026-02-16T18:00:00Z,2026-02-17T03:00:00Z,9,0.022291153745009656,2026-02-15T00:00,sha256:594ab96b14faef987df918ca088c7784f8964e26a17075bcc4a009b6d23b8b96,archive,provider_documented
T1,2026-02-16T18:00:00Z,2026-02-17T04:00:00Z,10,0.0478429257809409,2026-02-15T00:00,sha256:594ab96b14faef987df918ca088c7784f8964e26a17075bcc4a009b6d23b8b96,archive,provider_documented
T1,2026-02-16T18:00:00Z,2026-02-17T05:00:00Z,11,0.12332588357702161,2026-02-15T00:00,sha256:594ab96b14faef987df918ca088c7784f8964e26a17075bcc4a009b6d23b8b96,archive,provider_documented
T1,2026-02-16T18:00:00Z,2026-02-17T06:00:00Z,12,0.09287619154443717,2026-02-15T00:00,sha256:594ab96b14faef987df918ca088c7784f8964e26a17075bcc4a009b6d23b8b96,archive,provider_documented
T1,2026-02-16T18:00:00Z,2026-02-17T07:00:00Z,13,0.09287619154443717,2026-02-15T00:00,sha256:594ab96b14faef987df918ca088c7784f8964e26a17075bcc4a009b6d23b8b96,archive,provider_documented
T1,2026-02-16T18:00:00Z,2026-02-17T08:00:00Z,14,0.09287619154443717,2026-02-15T00:00,sha256:594ab96b14faef987df918ca088c7784f8964e26a17075bcc4a009b6d23b8b96,archive,provider_documented
T1,2026-02-16T18:00:00Z,2026-02-17T09:00:00Z,15,0.22115444589020294,2026-02-15T00:00,sha256:594ab96b14faef987df918ca088c7784f8964e26a17075bcc4a009b6d23b8b96,archive,provider_documented
T1,2026-02-16T18:00:00Z,2026-02-17T10:00:00Z,16,0.2502567923073466,2026-02-15T00:00,sha256:594ab96b14faef987df918ca088c7784f8964e26a17075bcc4a009b6d23b8b96,archive,provider_documented
T1,2026-02-16T18:00:00Z,2026-02-17T11:00:00Z,17,0.2502567923073466,2026-02-15T00:00,sha256:594ab96b14faef987df918ca088c7784f8964e26a17075bcc4a009b6d23b8b96,archive,provider_documented
T1,2026-02-16T18:00:00Z,2026-02-17T12:00:00Z,18,0.3293062067821451,2026-02-15T00:00,sha256:594ab96b14faef987df918ca088c7784f8964e26a17075bcc4a009b6d23b8b96,archive,provider_documented
T1,2026-02-16T18:00:00Z,2026-02-17T13:00:00Z,19,0.2725928592774388,2026-02-15T00:00,sha256:594ab96b14faef987df918ca088c7784f8964e26a17075bcc4a009b6d23b8b96,archive,provider_documented
T1,2026-02-16T18:00:00Z,2026-02-17T14:00:00Z,20,0.2476507491429141,2026-02-15T00:00,sha256:594ab96b14faef987df918ca088c7784f8964e26a17075bcc4a009b6d23b8b96,archive,provider_documented
T1,2026-02-16T18:00:00Z,2026-02-17T15:00:00Z,21,0.2476507491429141,2026-02-15T00:00,sha256:594ab96b14faef987df918ca088c7784f8964e26a17075bcc4a009b6d23b8b96,archive,provider_documented
T1,2026-02-16T18:00:00Z,2026-02-17T16:00:00Z,22,0.2476507491429141,2026-02-15T00:00,sha256:594ab96b14faef987df918ca088c7784f8964e26a17075bcc4a009b6d23b8b96,archive,provider_documented
T1,2026-02-16T18:00:00Z,2026-02-17T17:00:00Z,23,0.3151513090492044,2026-02-15T00:00,sha256:594ab96b14faef987df918ca088c7784f8964e26a17075bcc4a009b6d23b8b96,archive,provider_documented
T1,2026-02-16T18:00:00Z,2026-02-17T18:00:00Z,24,0.5277647860549761,2026-02-15T00:00,sha256:594ab96b14faef987df918ca088c7784f8964e26a17075bcc4a009b6d23b8b96,archive,provider_documented
T2,2026-02-16T18:00:00Z,2026-02-16T19:00:00Z,1,0.15526005332789244,2026-02-15T00:00,sha256:071928f407ba189f1d74b42e9e9ac8b1c0b71991dbfd32c9574f67294a09100f,archive,provider_documented
T2,2026-02-16T18:00:00Z,2026-02-16T20:00:00Z,2,0.21831250180617173,2026-02-15T00:00,sha256:071928f407ba189f1d74b42e9e9ac8b1c0b71991dbfd32c9574f67294a09100f,archive,provider_documented
T2,2026-02-16T18:00:00Z,2026-02-16T21:00:00Z,3,0.29242132618959793,2026-02-15T00:00,sha256:071928f407ba189f1d74b42e9e9ac8b1c0b71991dbfd32c9574f67294a09100f,archive,provider_documented
T2,2026-02-16T18:00:00Z,2026-02-16T22:00:00Z,4,0.21831250180617173,2026-02-15T00:00,sha256:071928f407ba189f1d74b42e9e9ac8b1c0b71991dbfd32c9574f67294a09100f,archive,provider_documented
T2,2026-02-16T18:00:00Z,2026-02-16T23:00:00Z,5,0.09948629033360125,2026-02-15T00:00,sha256:071928f407ba189f1d74b42e9e9ac8b1c0b71991dbfd32c9574f67294a09100f,archive,provider_documented
T2,2026-02-16T18:00:00Z,2026-02-17T00:00:00Z,6,0.14191817238238774,2026-02-15T00:00,sha256:071928f407ba189f1d74b42e9e9ac8b1c0b71991dbfd32c9574f67294a09100f,archive,provider_documented
T2,2026-02-16T18:00:00Z,2026-02-17T01:00:00Z,7,0.12494444463922855,2026-02-15T00:00,sha256:071928f407ba189f1d74b42e9e9ac8b1c0b71991dbfd32c9574f67294a09100f,archive,provider_documented
T2,2026-02-16T18:00:00Z,2026-02-17T02:00:00Z,8,0.04072740652063699,2026-02-15T00:00,sha256:071928f407ba189f1d74b42e9e9ac8b1c0b71991dbfd32c9574f67294a09100f,archive,provider_documented
T2,2026-02-16T18:00:00Z,2026-02-17T03:00:00Z,9,0.0191011364736352,2026-02-15T00:00,sha256:071928f407ba189f1d74b42e9e9ac8b1c0b71991dbfd32c9574f67294a09100f,archive,provider_documented
T2,2026-02-16T18:00:00Z,2026-02-17T04:00:00Z,10,0.04097886477650803,2026-02-15T00:00,sha256:071928f407ba189f1d74b42e9e9ac8b1c0b71991dbfd32c9574f67294a09100f,archive,provider_documented
T2,2026-02-16T18:00:00Z,2026-02-17T05:00:00Z,11,0.1099335786367135,2026-02-15T00:00,sha256:071928f407ba189f1d74b42e9e9ac8b1c0b71991dbfd32c9574f67294a09100f,archive,provider_documented
T2,2026-02-16T18:00:00Z,2026-02-17T06:00:00Z,12,0.0844754243310863,2026-02-15T00:00,sha256:071928f407ba189f1d74b42e9e9ac8b1c0b71991dbfd32c9574f67294a09100f,archive,provider_documented
T2,2026-02-16T18:00:00Z,2026-02-17T07:00:00Z,13,0.0844754243310863,2026-02-15T00:00,sha256:071928f407ba189f1d74b42e9e9ac8b1c0b71991dbfd32c9574f67294a09100f,archive,provider_documented
T2,2026-02-16T18:00:00Z,2026-02-17T08:00:00Z,14,0.0844754243310863,2026-02-15T00:00,sha256:071928f407ba189f1d74b42e9e9ac8b1c0b71991dbfd32c9574f67294a09100f,archive,provider_documented
T2,2026-02-16T18:00:00Z,2026-02-17T09:00:00Z,15,0.17742905309761975,2026-02-15T00:00,sha256:071928f407ba189f1d74b42e9e9ac8b1c0b71991dbfd32c9574f67294a09100f,archive,provider_documented
T2,2026-02-16T18:00:00Z,2026-02-17T10:00:00Z,16,0.24151184766422842,2026-02-15T00:00,sha256:071928f407ba189f1d74b42e9e9ac8b1c0b71991dbfd32c9574f67294a09100f,archive,provider_documented
T2,2026-02-16T18:00:00Z,2026-02-17T11:00:00Z,17,0.24151184766422842,2026-02-15T00:00,sha256:071928f407ba189f1d74b42e9e9ac8b1c0b71991dbfd32c9574f67294a09100f,archive,provider_documented
T2,2026-02-16T18:00:00Z,2026-02-17T12:00:00Z,18,0.29612226599679903,2026-02-15T00:00,sha256:071928f407ba189f1d74b42e9e9ac8b1c0b71991dbfd32c9574f67294a09100f,archive,provider_documented
T2,2026-02-16T18:00:00Z,2026-02-17T13:00:00Z,19,0.24868753467367913,2026-02-15T00:00,sha256:071928f407ba189f1d74b42e9e9ac8b1c0b71991dbfd32c9574f67294a09100f,archive,provider_documented
T2,2026-02-16T18:00:00Z,2026-02-17T14:00:00Z,20,0.21494364629665355,2026-02-15T00:00,sha256:071928f407ba189f1d74b42e9e9ac8b1c0b71991dbfd32c9574f67294a09100f,archive,provider_documented
T2,2026-02-16T18:00:00Z,2026-02-17T15:00:00Z,21,0.21494364629665355,2026-02-15T00:00,sha256:071928f407ba189f1d74b42e9e9ac8b1c0b71991dbfd32c9574f67294a09100f,archive,provider_documented
T2,2026-02-16T18:00:00Z,2026-02-17T16:00:00Z,22,0.21494364629665355,2026-02-15T00:00,sha256:071928f407ba189f1d74b42e9e9ac8b1c0b71991dbfd32c9574f67294a09100f,archive,provider_documented
T2,2026-02-16T18:00:00Z,2026-02-17T17:00:00Z,23,0.25750875838116927,2026-02-15T00:00,sha256:071928f407ba189f1d74b42e9e9ac8b1c0b71991dbfd32c9574f67294a09100f,archive,provider_documented
T2,2026-02-16T18:00:00Z,2026-02-17T18:00:00Z,24,0.536899413019943,2026-02-15T00:00,sha256:071928f407ba189f1d74b42e9e9ac8b1c0b71991dbfd32c9574f67294a09100f,archive,provider_documented
T1,2026-02-17T18:00:00Z,2026-02-17T19:00:00Z,1,0.7016436078737346,2026-02-16T00:00,sha256:594ab96b14faef987df918ca088c7784f8964e26a17075bcc4a009b6d23b8b96,archive,provider_documented
T1,2026-02-17T18:00:00Z,2026-02-17T20:00:00Z,2,0.6720643998401706,2026-02-16T00:00,sha256:594ab96b14faef987df918ca088c7784f8964e26a17075bcc4a009b6d23b8b96,archive,provider_documented
T1,2026-02-17T18:00:00Z,2026-02-17T21:00:00Z,3,0.5948052611102344,2026-02-16T00:00,sha256:594ab96b14faef987df918ca088c7784f8964e26a17075bcc4a009b6d23b8b96,archive,provider_documented
T1,2026-02-17T18:00:00Z,2026-02-17T22:00:00Z,4,0.5893960163252079,2026-02-16T00:00,sha256:594ab96b14faef987df918ca088c7784f8964e26a17075bcc4a009b6d23b8b96,archive,provider_documented
T1,2026-02-17T18:00:00Z,2026-02-17T23:00:00Z,5,0.6511172690062413,2026-02-16T00:00,sha256:594ab96b14faef987df918ca088c7784f8964e26a17075bcc4a009b6d23b8b96,archive,provider_documented
T1,2026-02-17T18:00:00Z,2026-02-18T00:00:00Z,6,0.7016436078737346,2026-02-16T00:00,sha256:594ab96b14faef987df918ca088c7784f8964e26a17075bcc4a009b6d23b8b96,archive,provider_documented
T1,2026-02-17T18:00:00Z,2026-02-18T01:00:00Z,7,0.8159957386495215,2026-02-16T00:00,sha256:594ab96b14faef987df918ca088c7784f8964e26a17075bcc4a009b6d23b8b96,archive,provider_documented
T1,2026-02-17T18:00:00Z,2026-02-18T02:00:00Z,8,0.8340855563578548,2026-02-16T00:00,sha256:594ab96b14faef987df918ca088c7784f8964e26a17075bcc4a009b6d23b8b96,archive,provider_documented
T1,2026-02-17T18:00:00Z,2026-02-18T03:00:00Z,9,0.8828411721681049,2026-02-16T00:00,sha256:594ab96b14faef987df918ca088c7784f8964e26a17075bcc4a009b6d23b8b96,archive,provider_documented
T1,2026-02-17T18:00:00Z,2026-02-18T04:00:00Z,10,0.8500271617295592,2026-02-16T00:00,sha256:594ab96b14faef987df918ca088c7784f8964e26a17075bcc4a009b6d23b8b96,archive,provider_documented
T1,2026-02-17T18:00:00Z,2026-02-18T05:00:00Z,11,0.8764068227675824,2026-02-16T00:00,sha256:594ab96b14faef987df918ca088c7784f8964e26a17075bcc4a009b6d23b8b96,archive,provider_documented
T1,2026-02-17T18:00:00Z,2026-02-18T06:00:00Z,12,0.964032945378698,2026-02-16T00:00,sha256:594ab96b14faef987df918ca088c7784f8964e26a17075bcc4a009b6d23b8b96,archive,provider_documented
T1,2026-02-17T18:00:00Z,2026-02-18T07:00:00Z,13,0.9899995193622264,2026-02-16T00:00,sha256:594ab96b14faef987df918ca088c7784f8964e26a17075bcc4a009b6d23b8b96,archive,provider_documented
T1,2026-02-17T18:00:00Z,2026-02-18T08:00:00Z,14,0.9882992340371579,2026-02-16T00:00,sha256:594ab96b14faef987df918ca088c7784f8964e26a17075bcc4a009b6d23b8b96,archive,provider_documented
T1,2026-02-17T18:00:00Z,2026-02-18T09:00:00Z,15,0.9885180805611469,2026-02-16T00:00,sha256:594ab96b14faef987df918ca088c7784f8964e26a17075bcc4a009b6d23b8b96,archive,provider_documented
T1,2026-02-17T18:00:00Z,2026-02-18T10:00:00Z,16,0.9543557439981085,2026-02-16T00:00,sha256:594ab96b14faef987df918ca088c7784f8964e26a17075bcc4a009b6d23b8b96,archive,provider_documented
T1,2026-02-17T18:00:00Z,2026-02-18T11:00:00Z,17,0.9342849271212218,2026-02-16T00:00,sha256:594ab96b14faef987df918ca088c7784f8964e26a17075bcc4a009b6d23b8b96,archive,provider_documented
T1,2026-02-17T18:00:00Z,2026-02-18T12:00:00Z,18,0.6131294118112006,2026-02-16T00:00,sha256:594ab96b14faef987df918ca088c7784f8964e26a17075bcc4a009b6d23b8b96,archive,provider_documented
T1,2026-02-17T18:00:00Z,2026-02-18T13:00:00Z,19,0.2725928592774388,2026-02-16T00:00,sha256:594ab96b14faef987df918ca088c7784f8964e26a17075bcc4a009b6d23b8b96,archive,provider_documented
T1,2026-02-17T18:00:00Z,2026-02-18T14:00:00Z,20,0.23784028456934056,2026-02-16T00:00,sha256:594ab96b14faef987df918ca088c7784f8964e26a17075bcc4a009b6d23b8b96,archive,provider_documented
T1,2026-02-17T18:00:00Z,2026-02-18T15:00:00Z,21,0.3899102384897137,2026-02-16T00:00,sha256:594ab96b14faef987df918ca088c7784f8964e26a17075bcc4a009b6d23b8b96,archive,provider_documented
T1,2026-02-17T18:00:00Z,2026-02-18T16:00:00Z,22,0.28315076147130747,2026-02-16T00:00,sha256:594ab96b14faef987df918ca088c7784f8964e26a17075bcc4a009b6d23b8b96,archive,provider_documented
T1,2026-02-17T18:00:00Z,2026-02-18T17:00:00Z,23,0.3042328055482564,2026-02-16T00:00,sha256:594ab96b14faef987df918ca088c7784f8964e26a17075bcc4a009b6d23b8b96,archive,provider_documented
T1,2026-02-17T18:00:00Z,2026-02-18T18:00:00Z,24,0.14809969934141035,2026-02-16T00:00,sha256:594ab96b14faef987df918ca088c7784f8964e26a17075bcc4a009b6d23b8b96,archive,provider_documented
T2,2026-02-17T18:00:00Z,2026-02-17T19:00:00Z,1,0.6960683102324345,2026-02-16T00:00,sha256:071928f407ba189f1d74b42e9e9ac8b1c0b71991dbfd32c9574f67294a09100f,archive,provider_documented
T2,2026-02-17T18:00:00Z,2026-02-17T20:00:00Z,2,0.6192130369432061,2026-02-16T00:00,sha256:071928f407ba189f1d74b42e9e9ac8b1c0b71991dbfd32c9574f67294a09100f,archive,provider_documented
T2,2026-02-17T18:00:00Z,2026-02-17T21:00:00Z,3,0.5525246021455751,2026-02-16T00:00,sha256:071928f407ba189f1d74b42e9e9ac8b1c0b71991dbfd32c9574f67294a09100f,archive,provider_documented
T2,2026-02-17T18:00:00Z,2026-02-17T22:00:00Z,4,0.5525246021455751,2026-02-16T00:00,sha256:071928f407ba189f1d74b42e9e9ac8b1c0b71991dbfd32c9574f67294a09100f,archive,provider_documented
T2,2026-02-17T18:00:00Z,2026-02-17T23:00:00Z,5,0.5955078255144397,2026-02-16T00:00,sha256:071928f407ba189f1d74b42e9e9ac8b1c0b71991dbfd32c9574f67294a09100f,archive,provider_documented
T2,2026-02-17T18:00:00Z,2026-02-18T00:00:00Z,6,0.6960683102324345,2026-02-16T00:00,sha256:071928f407ba189f1d74b42e9e9ac8b1c0b71991dbfd32c9574f67294a09100f,archive,provider_documented
T2,2026-02-17T18:00:00Z,2026-02-18T01:00:00Z,7,0.8087863212743776,2026-02-16T00:00,sha256:071928f407ba189f1d74b42e9e9ac8b1c0b71991dbfd32c9574f67294a09100f,archive,provider_documented
T2,2026-02-17T18:00:00Z,2026-02-18T02:00:00Z,8,0.8266470186376589,2026-02-16T00:00,sha256:071928f407ba189f1d74b42e9e9ac8b1c0b71991dbfd32c9574f67294a09100f,archive,provider_documented
T2,2026-02-17T18:00:00Z,2026-02-18T03:00:00Z,9,0.9074323779344573,2026-02-16T00:00,sha256:071928f407ba189f1d74b42e9e9ac8b1c0b71991dbfd32c9574f67294a09100f,archive,provider_documented
T2,2026-02-17T18:00:00Z,2026-02-18T04:00:00Z,10,0.8578935440276305,2026-02-16T00:00,sha256:071928f407ba189f1d74b42e9e9ac8b1c0b71991dbfd32c9574f67294a09100f,archive,provider_documented
T2,2026-02-17T18:00:00Z,2026-02-18T05:00:00Z,11,0.8839166670015015,2026-02-16T00:00,sha256:071928f407ba189f1d74b42e9e9ac8b1c0b71991dbfd32c9574f67294a09100f,archive,provider_documented
T2,2026-02-17T18:00:00Z,2026-02-18T06:00:00Z,12,0.9607596819944583,2026-02-16T00:00,sha256:071928f407ba189f1d74b42e9e9ac8b1c0b71991dbfd32c9574f67294a09100f,archive,provider_documented
T2,2026-02-17T18:00:00Z,2026-02-18T07:00:00Z,13,0.9699729236460276,2026-02-16T00:00,sha256:071928f407ba189f1d74b42e9e9ac8b1c0b71991dbfd32c9574f67294a09100f,archive,provider_documented
T2,2026-02-17T18:00:00Z,2026-02-18T08:00:00Z,14,0.9699729236460276,2026-02-16T00:00,sha256:071928f407ba189f1d74b42e9e9ac8b1c0b71991dbfd32c9574f67294a09100f,archive,provider_documented
T2,2026-02-17T18:00:00Z,2026-02-18T09:00:00Z,15,0.9699729236460276,2026-02-16T00:00,sha256:071928f407ba189f1d74b42e9e9ac8b1c0b71991dbfd32c9574f67294a09100f,archive,provider_documented
T2,2026-02-17T18:00:00Z,2026-02-18T10:00:00Z,16,0.9594878309289824,2026-02-16T00:00,sha256:071928f407ba189f1d74b42e9e9ac8b1c0b71991dbfd32c9574f67294a09100f,archive,provider_documented
T2,2026-02-17T18:00:00Z,2026-02-18T11:00:00Z,17,0.9289728244618287,2026-02-16T00:00,sha256:071928f407ba189f1d74b42e9e9ac8b1c0b71991dbfd32c9574f67294a09100f,archive,provider_documented
T2,2026-02-17T18:00:00Z,2026-02-18T12:00:00Z,18,0.6200231811965162,2026-02-16T00:00,sha256:071928f407ba189f1d74b42e9e9ac8b1c0b71991dbfd32c9574f67294a09100f,archive,provider_documented
T2,2026-02-17T18:00:00Z,2026-02-18T13:00:00Z,19,0.24868753467367913,2026-02-16T00:00,sha256:071928f407ba189f1d74b42e9e9ac8b1c0b71991dbfd32c9574f67294a09100f,archive,provider_documented
T2,2026-02-17T18:00:00Z,2026-02-18T14:00:00Z,20,0.21250773426089087,2026-02-16T00:00,sha256:071928f407ba189f1d74b42e9e9ac8b1c0b71991dbfd32c9574f67294a09100f,archive,provider_documented
T2,2026-02-17T18:00:00Z,2026-02-18T15:00:00Z,21,0.3409435235866809,2026-02-16T00:00,sha256:071928f407ba189f1d74b42e9e9ac8b1c0b71991dbfd32c9574f67294a09100f,archive,provider_documented
T2,2026-02-17T18:00:00Z,2026-02-18T16:00:00Z,22,0.25169621579613477,2026-02-16T00:00,sha256:071928f407ba189f1d74b42e9e9ac8b1c0b71991dbfd32c9574f67294a09100f,archive,provider_documented
T2,2026-02-17T18:00:00Z,2026-02-18T17:00:00Z,23,0.2633777719481949,2026-02-16T00:00,sha256:071928f407ba189f1d74b42e9e9ac8b1c0b71991dbfd32c9574f67294a09100f,archive,provider_documented
T2,2026-02-17T18:00:00Z,2026-02-18T18:00:00Z,24,0.12494444463922855,2026-02-16T00:00,sha256:071928f407ba189f1d74b42e9e9ac8b1c0b71991dbfd32c9574f67294a09100f,archive,provider_documented
T1,2026-02-18T18:00:00Z,2026-02-18T19:00:00Z,1,0.3289811622393086,2026-02-17T00:00,sha256:594ab96b14faef987df918ca088c7784f8964e26a17075bcc4a009b6d23b8b96,archive,provider_documented
T1,2026-02-18T18:00:00Z,2026-02-18T20:00:00Z,2,0.3042328055482564,2026-02-17T00:00,sha256:594ab96b14faef987df918ca088c7784f8964e26a17075bcc4a009b6d23b8b96,archive,provider_documented
T1,2026-02-18T18:00:00Z,2026-02-18T21:00:00Z,3,0.3042328055482564,2026-02-17T00:00,sha256:594ab96b14faef987df918ca088c7784f8964e26a17075bcc4a009b6d23b8b96,archive,provider_documented
T1,2026-02-18T18:00:00Z,2026-02-18T22:00:00Z,4,0.2280971531929797,2026-02-17T00:00,sha256:594ab96b14faef987df918ca088c7784f8964e26a17075bcc4a009b6d23b8b96,archive,provider_documented
T1,2026-02-18T18:00:00Z,2026-02-18T23:00:00Z,5,0.3042328055482564,2026-02-17T00:00,sha256:594ab96b14faef987df918ca088c7784f8964e26a17075bcc4a009b6d23b8b96,archive,provider_documented
T1,2026-02-18T18:00:00Z,2026-02-19T00:00:00Z,6,0.16991655030127698,2026-02-17T00:00,sha256:594ab96b14faef987df918ca088c7784f8964e26a17075bcc4a009b6d23b8b96,archive,provider_documented
T1,2026-02-18T18:00:00Z,2026-02-19T01:00:00Z,7,0.18901429320057347,2026-02-17T00:00,sha256:594ab96b14faef987df918ca088c7784f8964e26a17075bcc4a009b6d23b8b96,archive,provider_documented
T1,2026-02-18T18:00:00Z,2026-02-19T02:00:00Z,8,0.14138683629199503,2026-02-17T00:00,sha256:594ab96b14faef987df918ca088c7784f8964e26a17075bcc4a009b6d23b8b96,archive,provider_documented
T1,2026-02-18T18:00:00Z,2026-02-19T03:00:00Z,9,0.2476507491429141,2026-02-17T00:00,sha256:594ab96b14faef987df918ca088c7784f8964e26a17075bcc4a009b6d23b8b96,archive,provider_documented
T1,2026-02-18T18:00:00Z,2026-02-19T04:00:00Z,10,0.5109422837360484,2026-02-17T00:00,sha256:594ab96b14faef987df918ca088c7784f8964e26a17075bcc4a009b6d23b8b96,archive,provider_documented
T1,2026-02-18T18:00:00Z,2026-02-19T05:00:00Z,11,0.5109422837360484,2026-02-17T00:00,sha256:594ab96b14faef987df918ca088c7784f8964e26a17075bcc4a009b6d23b8b96,archive,provider_documented
T1,2026-02-18T18:00:00Z,2026-02-19T06:00:00Z,12,0.6131294118112006,2026-02-17T00:00,sha256:594ab96b14faef987df918ca088c7784f8964e26a17075bcc4a009b6d23b8b96,archive,provider_documented
T1,2026-02-18T18:00:00Z,2026-02-19T07:00:00Z,13,0.6131294118112006,2026-02-17T00:00,sha256:594ab96b14faef987df918ca088c7784f8964e26a17075bcc4a009b6d23b8b96,archive,provider_documented
T1,2026-02-18T18:00:00Z,2026-02-19T08:00:00Z,14,0.3860012622231677,2026-02-17T00:00,sha256:594ab96b14faef987df918ca088c7784f8964e26a17075bcc4a009b6d23b8b96,archive,provider_documented
T1,2026-02-18T18:00:00Z,2026-02-19T09:00:00Z,15,0.1586883573296825,2026-02-17T00:00,sha256:594ab96b14faef987df918ca088c7784f8964e26a17075bcc4a009b6d23b8b96,archive,provider_documented
T1,2026-02-18T18:00:00Z,2026-02-19T10:00:00Z,16,0.14824490579791066,2026-02-17T00:00,sha256:594ab96b14faef987df918ca088c7784f8964e26a17075bcc4a009b6d23b8b96,archive,provider_documented
T1,2026-02-18T18:00:00Z,2026-02-19T11:00:00Z,17,0.19649068627422206,2026-02-17T00:00,sha256:594ab96b14faef987df918ca088c7784f8964e26a17075bcc4a009b6d23b8b96,archive,provider_documented
T1,2026-02-18T18:00:00Z,2026-02-19T12:00:00Z,18,0.051891495065773556,2026-02-17T00:00,sha256:594ab96b14faef987df918ca088c7784f8964e26a17075bcc4a009b6d23b8b96,archive,provider_documented
T1,2026-02-18T18:00:00Z,2026-02-19T13:00:00Z,19,0.07222303299735625,2026-02-17T00:00,sha256:594ab96b14faef987df918ca088c7784f8964e26a17075bcc4a009b6d23b8b96,archive,provider_documented
T1,2026-02-18T18:00:00Z,2026-02-19T14:00:00Z,20,0.013280668308926765,2026-02-17T00:00,sha256:594ab96b14faef987df918ca088c7784f8964e26a17075bcc4a009b6d23b8b96,archive,provider_documented
T1,2026-02-18T18:00:00Z,2026-02-19T15:00:00Z,21,0.010873384133302733,2026-02-17T00:00,sha256:594ab96b14faef987df918ca088c7784f8964e26a17075bcc4a009b6d23b8b96,archive,provider_documented
T1,2026-02-18T18:00:00Z,2026-02-19T16:00:00Z,22,0.023924511404775785,2026-02-17T00:00,sha256:594ab96b14faef987df918ca088c7784f8964e26a17075bcc4a009b6d23b8b96,archive,provider_documented
T1,2026-02-18T18:00:00Z,2026-02-19T17:00:00Z,23,0.23914453536292601,2026-02-17T00:00,sha256:594ab96b14faef987df918ca088c7784f8964e26a17075bcc4a009b6d23b8b96,archive,provider_documented
T1,2026-02-18T18:00:00Z,2026-02-19T18:00:00Z,24,0.24029845897401314,2026-02-17T00:00,sha256:594ab96b14faef987df918ca088c7784f8964e26a17075bcc4a009b6d23b8b96,archive,provider_documented
T2,2026-02-18T18:00:00Z,2026-02-18T19:00:00Z,1,0.27342059878299496,2026-02-17T00:00,sha256:071928f407ba189f1d74b42e9e9ac8b1c0b71991dbfd32c9574f67294a09100f,archive,provider_documented
T2,2026-02-18T18:00:00Z,2026-02-18T20:00:00Z,2,0.2633777719481949,2026-02-17T00:00,sha256:071928f407ba189f1d74b42e9e9ac8b1c0b71991dbfd32c9574f67294a09100f,archive,provider_documented
T2,2026-02-18T18:00:00Z,2026-02-18T21:00:00Z,3,0.2633777719481949,2026-02-17T00:00,sha256:071928f407ba189f1d74b42e9e9ac8b1c0b71991dbfd32c9574f67294a09100f,archive,provider_documented
T2,2026-02-18T18:00:00Z,2026-02-18T22:00:00Z,4,0.21831250180617173,2026-02-17T00:00,sha256:071928f407ba189f1d74b42e9e9ac8b1c0b71991dbfd32c9574f67294a09100f,archive,provider_documented
T2,2026-02-18T18:00:00Z,2026-02-18T23:00:00Z,5,0.2633777719481949,2026-02-17T00:00,sha256:071928f407ba189f1d74b42e9e9ac8b1c0b71991dbfd32c9574f67294a09100f,archive,provider_documented
T2,2026-02-18T18:00:00Z,2026-02-19T00:00:00Z,6,0.14191817238238774,2026-02-17T00:00,sha256:071928f407ba189f1d74b42e9e9ac8b1c0b71991dbfd32c9574f67294a09100f,archive,provider_documented
T2,2026-02-18T18:00:00Z,2026-02-19T01:00:00Z,7,0.1973960144918519,2026-02-17T00:00,sha256:071928f407ba189f1d74b42e9e9ac8b1c0b71991dbfd32c9574f67294a09100f,archive,provider_documented
T2,2026-02-18T18:00:00Z,2026-02-19T02:00:00Z,8,0.10456757645118102,2026-02-17T00:00,sha256:071928f407ba189f1d74b42e9e9ac8b1c0b71991dbfd32c9574f67294a09100f,archive,provider_documented
T2,2026-02-18T18:00:00Z,2026-02-19T03:00:00Z,9,0.21494364629665355,2026-02-17T00:00,sha256:071928f407ba189f1d74b42e9e9ac8b1c0b71991dbfd32c9574f67294a09100f,archive,provider_documented
T2,2026-02-18T18:00:00Z,2026-02-19T04:00:00Z,10,0.46953489125177855,2026-02-17T00:00,sha256:071928f407ba189f1d74b42e9e9ac8b1c0b71991dbfd32c9574f67294a09100f,archive,provider_documented
T2,2026-02-18T18:00:00Z,2026-02-19T05:00:00Z,11,0.46630715726106947,2026-02-17T00:00,sha256:071928f407ba189f1d74b42e9e9ac8b1c0b71991dbfd32c9574f67294a09100f,archive,provider_documented
T2,2026-02-18T18:00:00Z,2026-02-19T06:00:00Z,12,0.6538336781239051,2026-02-17T00:00,sha256:071928f407ba189f1d74b42e9e9ac8b1c0b71991dbfd32c9574f67294a09100f,archive,provider_documented
T2,2026-02-18T18:00:00Z,2026-02-19T07:00:00Z,13,0.6200231811965162,2026-02-17T00:00,sha256:071928f407ba189f1d74b42e9e9ac8b1c0b71991dbfd32c9574f67294a09100f,archive,provider_documented
T2,2026-02-18T18:00:00Z,2026-02-19T08:00:00Z,14,0.4170969225889663,2026-02-17T00:00,sha256:071928f407ba189f1d74b42e9e9ac8b1c0b71991dbfd32c9574f67294a09100f,archive,provider_documented
T2,2026-02-18T18:00:00Z,2026-02-19T09:00:00Z,15,0.1634802523725478,2026-02-17T00:00,sha256:071928f407ba189f1d74b42e9e9ac8b1c0b71991dbfd32c9574f67294a09100f,archive,provider_documented
T2,2026-02-18T18:00:00Z,2026-02-19T10:00:00Z,16,0.13016231105282336,2026-02-17T00:00,sha256:071928f407ba189f1d74b42e9e9ac8b1c0b71991dbfd32c9574f67294a09100f,archive,provider_documented
T2,2026-02-18T18:00:00Z,2026-02-19T11:00:00Z,17,0.21962149877339174,2026-02-17T00:00,sha256:071928f407ba189f1d74b42e9e9ac8b1c0b71991dbfd32c9574f67294a09100f,archive,provider_documented
T2,2026-02-18T18:00:00Z,2026-02-19T12:00:00Z,18,0.04756624205802159,2026-02-17T00:00,sha256:071928f407ba189f1d74b42e9e9ac8b1c0b71991dbfd32c9574f67294a09100f,archive,provider_documented
T2,2026-02-18T18:00:00Z,2026-02-19T13:00:00Z,19,0.0842749215649658,2026-02-17T00:00,sha256:071928f407ba189f1d74b42e9e9ac8b1c0b71991dbfd32c9574f67294a09100f,archive,provider_documented
T2,2026-02-18T18:00:00Z,2026-02-19T14:00:00Z,20,0.010860249529001026,2026-02-17T00:00,sha256:071928f407ba189f1d74b42e9e9ac8b1c0b71991dbfd32c9574f67294a09100f,archive,provider_documented
T2,2026-02-18T18:00:00Z,2026-02-19T15:00:00Z,21,0.011023956323034583,2026-02-17T00:00,sha256:071928f407ba189f1d74b42e9e9ac8b1c0b71991dbfd32c9574f67294a09100f,archive,provider_documented
T2,2026-02-18T18:00:00Z,2026-02-19T16:00:00Z,22,0.022607142892087782,2026-02-17T00:00,sha256:071928f407ba189f1d74b42e9e9ac8b1c0b71991dbfd32c9574f67294a09100f,archive,provider_documented
T2,2026-02-18T18:00:00Z,2026-02-19T17:00:00Z,23,0.21474314353053306,2026-02-17T00:00,sha256:071928f407ba189f1d74b42e9e9ac8b1c0b71991dbfd32c9574f67294a09100f,archive,provider_documented
T2,2026-02-18T18:00:00Z,2026-02-19T18:00:00Z,24,0.24151184766422842,2026-02-17T00:00,sha256:071928f407ba189f1d74b42e9e9ac8b1c0b71991dbfd32c9574f67294a09100f,archive,provider_documented
T1,2026-02-19T18:00:00Z,2026-02-19T19:00:00Z,1,0.32546282425215706,2026-02-18T00:00,sha256:594ab96b14faef987df918ca088c7784f8964e26a17075bcc4a009b6d23b8b96,archive,provider_documented
T1,2026-02-19T18:00:00Z,2026-02-19T20:00:00Z,2,0.32546282425215706,2026-02-18T00:00,sha256:594ab96b14faef987df918ca088c7784f8964e26a17075bcc4a009b6d23b8b96,archive,provider_documented
T1,2026-02-19T18:00:00Z,2026-02-19T21:00:00Z,3,0.5116347871544877,2026-02-18T00:00,sha256:594ab96b14faef987df918ca088c7784f8964e26a17075bcc4a009b6d23b8b96,archive,provider_documented
T1,2026-02-19T18:00:00Z,2026-02-19T22:00:00Z,4,0.6131294118112006,2026-02-18T00:00,sha256:594ab96b14faef987df918ca088c7784f8964e26a17075bcc4a009b6d23b8b96,archive,provider_documented
T1,2026-02-19T18:00:00Z,2026-02-19T23:00:00Z,5,0.7542325457975726,2026-02-18T00:00,sha256:594ab96b14faef987df918ca088c7784f8964e26a17075bcc4a009b6d23b8b96,archive,provider_documented
T1,2026-02-19T18:00:00Z,2026-02-20T00:00:00Z,6,0.6131294118112006,2026-02-18T00:00,sha256:594ab96b14faef987df918ca088c7784f8964e26a17075bcc4a009b6d23b8b96,archive,provider_documented
T1,2026-02-19T18:00:00Z,2026-02-20T01:00:00Z,7,0.6131294118112006,2026-02-18T00:00,sha256:594ab96b14faef987df918ca088c7784f8964e26a17075bcc4a009b6d23b8b96,archive,provider_documented
T1,2026-02-19T18:00:00Z,2026-02-20T02:00:00Z,8,0.5373665170974855,2026-02-18T00:00,sha256:594ab96b14faef987df918ca088c7784f8964e26a17075bcc4a009b6d23b8b96,archive,provider_documented
T1,2026-02-19T18:00:00Z,2026-02-20T03:00:00Z,9,0.5373665170974855,2026-02-18T00:00,sha256:594ab96b14faef987df918ca088c7784f8964e26a17075bcc4a009b6d23b8b96,archive,provider_documented
T1,2026-02-19T18:00:00Z,2026-02-20T04:00:00Z,10,0.5373665170974855,2026-02-18T00:00,sha256:594ab96b14faef987df918ca088c7784f8964e26a17075bcc4a009b6d23b8b96,archive,provider_documented
T1,2026-02-19T18:00:00Z,2026-02-20T05:00:00Z,11,0.5109422837360484,2026-02-18T00:00,sha256:594ab96b14faef987df918ca088c7784f8964e26a17075bcc4a009b6d23b8b96,archive,provider_documented
T1,2026-02-19T18:00:00Z,2026-02-20T06:00:00Z,12,0.22281045714254888,2026-02-18T00:00,sha256:594ab96b14faef987df918ca088c7784f8964e26a17075bcc4a009b6d23b8b96,archive,provider_documented
T1,2026-02-19T18:00:00Z,2026-02-20T07:00:00Z,13,0.15620257272296523,2026-02-18T00:00,sha256:594ab96b14faef987df918ca088c7784f8964e26a17075bcc4a009b6d23b8b96,archive,provider_documented
T1,2026-02-19T18:00:00Z,2026-02-20T08:00:00Z,14,0.10854475328219623,2026-02-18T00:00,sha256:594ab96b14faef987df918ca088c7784f8964e26a17075bcc4a009b6d23b8b96,archive,provider_documented
T1,2026-02-19T18:00:00Z,2026-02-20T09:00:00Z,15,0.051891495065773556,2026-02-18T00:00,sha256:594ab96b14faef987df918ca088c7784f8964e26a17075bcc4a009b6d23b8b96,archive,provider_documented
T1,2026-02-19T18:00:00Z,2026-02-20T10:00:00Z,16,0.013280668308926765,2026-02-18T00:00,sha256:594ab96b14faef987df918ca088c7784f8964e26a17075bcc4a009b6d23b8b96,archive,provider_documented
T1,2026-02-19T18:00:00Z,2026-02-20T11:00:00Z,17,0.03430695549732251,2026-02-18T00:00,sha256:594ab96b14faef987df918ca088c7784f8964e26a17075bcc4a009b6d23b8b96,archive,provider_documented
T1,2026-02-19T18:00:00Z,2026-02-20T12:00:00Z,18,0.2177562901089759,2026-02-18T00:00,sha256:594ab96b14faef987df918ca088c7784f8964e26a17075bcc4a009b6d23b8b96,archive,provider_documented
T1,2026-02-19T18:00:00Z,2026-02-20T13:00:00Z,19,0.39005579141579133,2026-02-18T00:00,sha256:594ab96b14faef987df918ca088c7784f8964e26a17075bcc4a009b6d23b8b96,archive,provider_documented
T1,2026-02-19T18:00:00Z,2026-02-20T14:00:00Z,20,0.5109422837360484,2026-02-18T00:00,sha256:594ab96b14faef987df918ca088c7784f8964e26a17075bcc4a009b6d23b8b96,archive,provider_documented
T1,2026-02-19T18:00:00Z,2026-02-20T15:00:00Z,21,0.5373665170974855,2026-02-18T00:00,sha256:594ab96b14faef987df918ca088c7784f8964e26a17075bcc4a009b6d23b8b96,archive,provider_documented
T1,2026-02-19T18:00:00Z,2026-02-20T16:00:00Z,22,0.6132597935824334,2026-02-18T00:00,sha256:594ab96b14faef987df918ca088c7784f8964e26a17075bcc4a009b6d23b8b96,archive,provider_documented
T1,2026-02-19T18:00:00Z,2026-02-20T17:00:00Z,23,0.5582463177071911,2026-02-18T00:00,sha256:594ab96b14faef987df918ca088c7784f8964e26a17075bcc4a009b6d23b8b96,archive,provider_documented
T1,2026-02-19T18:00:00Z,2026-02-20T18:00:00Z,24,0.511072665507281,2026-02-18T00:00,sha256:594ab96b14faef987df918ca088c7784f8964e26a17075bcc4a009b6d23b8b96,archive,provider_documented
T2,2026-02-19T18:00:00Z,2026-02-19T19:00:00Z,1,0.3565854617923386,2026-02-18T00:00,sha256:071928f407ba189f1d74b42e9e9ac8b1c0b71991dbfd32c9574f67294a09100f,archive,provider_documented
T2,2026-02-19T18:00:00Z,2026-02-19T20:00:00Z,2,0.28364731636126433,2026-02-18T00:00,sha256:071928f407ba189f1d74b42e9e9ac8b1c0b71991dbfd32c9574f67294a09100f,archive,provider_documented
T2,2026-02-19T18:00:00Z,2026-02-19T21:00:00Z,3,0.5061793399773673,2026-02-18T00:00,sha256:071928f407ba189f1d74b42e9e9ac8b1c0b71991dbfd32c9574f67294a09100f,archive,provider_documented
T2,2026-02-19T18:00:00Z,2026-02-19T22:00:00Z,4,0.6232509151872252,2026-02-18T00:00,sha256:071928f407ba189f1d74b42e9e9ac8b1c0b71991dbfd32c9574f67294a09100f,archive,provider_documented
T2,2026-02-19T18:00:00Z,2026-02-19T23:00:00Z,5,0.7286395877221221,2026-02-18T00:00,sha256:071928f407ba189f1d74b42e9e9ac8b1c0b71991dbfd32c9574f67294a09100f,archive,provider_documented
T2,2026-02-19T18:00:00Z,2026-02-20T00:00:00Z,6,0.6570614121146143,2026-02-18T00:00,sha256:071928f407ba189f1d74b42e9e9ac8b1c0b71991dbfd32c9574f67294a09100f,archive,provider_documented
T2,2026-02-19T18:00:00Z,2026-02-20T01:00:00Z,7,0.6232509151872252,2026-02-18T00:00,sha256:071928f407ba189f1d74b42e9e9ac8b1c0b71991dbfd32c9574f67294a09100f,archive,provider_documented
T2,2026-02-19T18:00:00Z,2026-02-20T02:00:00Z,8,0.5061793399773673,2026-02-18T00:00,sha256:071928f407ba189f1d74b42e9e9ac8b1c0b71991dbfd32c9574f67294a09100f,archive,provider_documented
T2,2026-02-19T18:00:00Z,2026-02-20T03:00:00Z,9,0.5061793399773673,2026-02-18T00:00,sha256:071928f407ba189f1d74b42e9e9ac8b1c0b71991dbfd32c9574f67294a09100f,archive,provider_documented
T2,2026-02-19T18:00:00Z,2026-02-20T04:00:00Z,10,0.5029516059866583,2026-02-18T00:00,sha256:071928f407ba189f1d74b42e9e9ac8b1c0b71991dbfd32c9574f67294a09100f,archive,provider_documented
T2,2026-02-19T18:00:00Z,2026-02-20T05:00:00Z,11,0.46630715726106947,2026-02-18T00:00,sha256:071928f407ba189f1d74b42e9e9ac8b1c0b71991dbfd32c9574f67294a09100f,archive,provider_documented
T2,2026-02-19T18:00:00Z,2026-02-20T06:00:00Z,12,0.22540147912176625,2026-02-18T00:00,sha256:071928f407ba189f1d74b42e9e9ac8b1c0b71991dbfd32c9574f67294a09100f,archive,provider_documented
T2,2026-02-19T18:00:00Z,2026-02-20T07:00:00Z,13,0.162591229520637,2026-02-18T00:00,sha256:071928f407ba189f1d74b42e9e9ac8b1c0b71991dbfd32c9574f67294a09100f,archive,provider_documented
T2,2026-02-19T18:00:00Z,2026-02-20T08:00:00Z,14,0.0993310044843805,2026-02-18T00:00,sha256:071928f407ba189f1d74b42e9e9ac8b1c0b71991dbfd32c9574f67294a09100f,archive,provider_documented
T2,2026-02-19T18:00:00Z,2026-02-20T09:00:00Z,15,0.04756624205802159,2026-02-18T00:00,sha256:071928f407ba189f1d74b42e9e9ac8b1c0b71991dbfd32c9574f67294a09100f,archive,provider_documented
T2,2026-02-19T18:00:00Z,2026-02-20T10:00:00Z,16,0.010860249529001026,2026-02-18T00:00,sha256:071928f407ba189f1d74b42e9e9ac8b1c0b71991dbfd32c9574f67294a09100f,archive,provider_documented
T2,2026-02-19T18:00:00Z,2026-02-20T11:00:00Z,17,0.03157921798372284,2026-02-18T00:00,sha256:071928f407ba189f1d74b42e9e9ac8b1c0b71991dbfd32c9574f67294a09100f,archive,provider_documented
T2,2026-02-19T18:00:00Z,2026-02-20T12:00:00Z,18,0.194898298228911,2026-02-18T00:00,sha256:071928f407ba189f1d74b42e9e9ac8b1c0b71991dbfd32c9574f67294a09100f,archive,provider_documented
T2,2026-02-19T18:00:00Z,2026-02-20T13:00:00Z,19,0.38972125804182617,2026-02-18T00:00,sha256:071928f407ba189f1d74b42e9e9ac8b1c0b71991dbfd32c9574f67294a09100f,archive,provider_documented
T2,2026-02-19T18:00:00Z,2026-02-20T14:00:00Z,20,0.46953489125177855,2026-02-18T00:00,sha256:071928f407ba189f1d74b42e9e9ac8b1c0b71991dbfd32c9574f67294a09100f,archive,provider_documented
T2,2026-02-19T18:00:00Z,2026-02-20T15:00:00Z,21,0.5061793399773673,2026-02-18T00:00,sha256:071928f407ba189f1d74b42e9e9ac8b1c0b71991dbfd32c9574f67294a09100f,archive,provider_documented
T2,2026-02-19T18:00:00Z,2026-02-20T16:00:00Z,22,0.6234514179533457,2026-02-18T00:00,sha256:071928f407ba189f1d74b42e9e9ac8b1c0b71991dbfd32c9574f67294a09100f,archive,provider_documented
T2,2026-02-19T18:00:00Z,2026-02-20T17:00:00Z,23,0.5063798427434878,2026-02-18T00:00,sha256:071928f407ba189f1d74b42e9e9ac8b1c0b71991dbfd32c9574f67294a09100f,archive,provider_documented
T2,2026-02-19T18:00:00Z,2026-02-20T18:00:00Z,24,0.4697353940178991,2026-02-18T00:00,sha256:071928f407ba189f1d74b42e9e9ac8b1c0b71991dbfd32c9574f67294a09100f,archive,provider_documented
T1,2026-02-20T18:00:00Z,2026-02-20T19:00:00Z,1,0.6132597935824334,2026-02-19T00:00,sha256:594ab96b14faef987df918ca088c7784f8964e26a17075bcc4a009b6d23b8b96,archive,provider_documented
T1,2026-02-20T18:00:00Z,2026-02-20T20:00:00Z,2,0.5864369618927893,2026-02-19T00:00,sha256:594ab96b14faef987df918ca088c7784f8964e26a17075bcc4a009b6d23b8b96,archive,provider_documented
T1,2026-02-20T18:00:00Z,2026-02-20T21:00:00Z,3,0.5421730577437245,2026-02-19T00:00,sha256:594ab96b14faef987df918ca088c7784f8964e26a17075bcc4a009b6d23b8b96,archive,provider_documented
T1,2026-02-20T18:00:00Z,2026-02-20T22:00:00Z,4,0.511072665507281,2026-02-19T00:00,sha256:594ab96b14faef987df918ca088c7784f8964e26a17075bcc4a009b6d23b8b96,archive,provider_documented
T1,2026-02-20T18:00:00Z,2026-02-20T23:00:00Z,5,0.3039564269857721,2026-02-19T00:00,sha256:594ab96b14faef987df918ca088c7784f8964e26a17075bcc4a009b6d23b8b96,archive,provider_documented
T1,2026-02-20T18:00:00Z,2026-02-21T00:00:00Z,6,0.14153995096221625,2026-02-19T00:00,sha256:594ab96b14faef987df918ca088c7784f8964e26a17075bcc4a009b6d23b8b96,archive,provider_documented
T1,2026-02-20T18:00:00Z,2026-02-21T01:00:00Z,7,0.05202187683700623,2026-02-19T00:00,sha256:594ab96b14faef987df918ca088c7784f8964e26a17075bcc4a009b6d23b8b96,archive,provider_documented
T1,2026-02-20T18:00:00Z,2026-02-21T02:00:00Z,8,0.14153995096221625,2026-02-19T00:00,sha256:594ab96b14faef987df918ca088c7784f8964e26a17075bcc4a009b6d23b8b96,archive,provider_documented
T1,2026-02-20T18:00:00Z,2026-02-21T03:00:00Z,9,0.2587630060873346,2026-02-19T00:00,sha256:594ab96b14faef987df918ca088c7784f8964e26a17075bcc4a009b6d23b8b96,archive,provider_documented
T1,2026-02-20T18:00:00Z,2026-02-21T04:00:00Z,10,0.08136767839768178,2026-02-19T00:00,sha256:594ab96b14faef987df918ca088c7784f8964e26a17075bcc4a009b6d23b8b96,archive,provider_documented
T1,2026-02-20T18:00:00Z,2026-02-21T05:00:00Z,11,0.06314948560152292,2026-02-19T00:00,sha256:594ab96b14faef987df918ca088c7784f8964e26a17075bcc4a009b6d23b8b96,archive,provider_documented
T1,2026-02-20T18:00:00Z,2026-02-21T06:00:00Z,12,0.7698815229460102,2026-02-19T00:00,sha256:594ab96b14faef987df918ca088c7784f8964e26a17075bcc4a009b6d23b8b96,archive,provider_documented
T1,2026-02-20T18:00:00Z,2026-02-21T07:00:00Z,13,0.9899722069308778,2026-02-19T00:00,sha256:594ab96b14faef987df918ca088c7784f8964e26a17075bcc4a009b6d23b8b96,archive,provider_documented
T1,2026-02-20T18:00:00Z,2026-02-21T08:00:00Z,14,0.9899722069308778,2026-02-19T00:00,sha256:594ab96b14faef987df918ca088c7784f8964e26a17075bcc4a009b6d23b8b96,archive,provider_documented
T1,2026-02-20T18:00:00Z,2026-02-21T09:00:00Z,15,0.9899722069308778,2026-02-19T00:00,sha256:594ab96b14faef987df918ca088c7784f8964e26a17075bcc4a009b6d23b8b96,archive,provider_documented
T1,2026-02-20T18:00:00Z,2026-02-21T10:00:00Z,16,0.941666148928395,2026-02-19T00:00,sha256:594ab96b14faef987df918ca088c7784f8964e26a17075bcc4a009b6d23b8b96,archive,provider_documented
T1,2026-02-20T18:00:00Z,2026-02-21T11:00:00Z,17,0.5373665170974855,2026-02-19T00:00,sha256:594ab96b14faef987df918ca088c7784f8964e26a17075bcc4a009b6d23b8b96,archive,provider_documented
T1,2026-02-20T18:00:00Z,2026-02-21T12:00:00Z,18,0.2687494767474508,2026-02-19T00:00,sha256:594ab96b14faef987df918ca088c7784f8964e26a17075bcc4a009b6d23b8b96,archive,provider_documented
T1,2026-02-20T18:00:00Z,2026-02-21T13:00:00Z,19,0.44451751697510405,2026-02-19T00:00,sha256:594ab96b14faef987df918ca088c7784f8964e26a17075bcc4a009b6d23b8b96,archive,provider_documented
T1,2026-02-20T18:00:00Z,2026-02-21T14:00:00Z,20,0.6132597935824334,2026-02-19T00:00,sha256:594ab96b14faef987df918ca088c7784f8964e26a17075bcc4a009b6d23b8b96,archive,provider_documented
T1,2026-02-20T18:00:00Z,2026-02-21T15:00:00Z,21,0.9519061946772235,2026-02-19T00:00,sha256:594ab96b14faef987df918ca088c7784f8964e26a17075bcc4a009b6d23b8b96,archive,provider_documented
T1,2026-02-20T18:00:00Z,2026-02-21T16:00:00Z,22,0.9899722069308778,2026-02-19T00:00,sha256:594ab96b14faef987df918ca088c7784f8964e26a17075bcc4a009b6d23b8b96,archive,provider_documented
T1,2026-02-20T18:00:00Z,2026-02-21T17:00:00Z,23,0.9891426772570859,2026-02-19T00:00,sha256:594ab96b14faef987df918ca088c7784f8964e26a17075bcc4a009b6d23b8b96,archive,provider_documented
T1,2026-02-20T18:00:00Z,2026-02-21T18:00:00Z,24,0.9888931041784037,2026-02-19T00:00,sha256:594ab96b14faef987df918ca088c7784f8964e26a17075bcc4a009b6d23b8b96,archive,provider_documented
T2,2026-02-20T18:00:00Z,2026-02-20T19:00:00Z,1,0.6593708881627713,2026-02-19T00:00,sha256:071928f407ba189f1d74b42e9e9ac8b1c0b71991dbfd32c9574f67294a09100f,archive,provider_documented
T2,2026-02-20T18:00:00Z,2026-02-20T20:00:00Z,2,0.5344127512293513,2026-02-19T00:00,sha256:071928f407ba189f1d74b42e9e9ac8b1c0b71991dbfd32c9574f67294a09100f,archive,provider_documented
T2,2026-02-20T18:00:00Z,2026-02-20T21:00:00Z,3,0.5107075398005843,2026-02-19T00:00,sha256:071928f407ba189f1d74b42e9e9ac8b1c0b71991dbfd32c9574f67294a09100f,archive,provider_documented
T2,2026-02-20T18:00:00Z,2026-02-20T22:00:00Z,4,0.47618495377256653,2026-02-19T00:00,sha256:071928f407ba189f1d74b42e9e9ac8b1c0b71991dbfd32c9574f67294a09100f,archive,provider_documented
T2,2026-02-20T18:00:00Z,2026-02-20T23:00:00Z,5,0.2838478191273849,2026-02-19T00:00,sha256:071928f407ba189f1d74b42e9e9ac8b1c0b71991dbfd32c9574f67294a09100f,archive,provider_documented
T2,2026-02-20T18:00:00Z,2026-02-21T00:00:00Z,6,0.1229854116928463,2026-02-19T00:00,sha256:071928f407ba189f1d74b42e9e9ac8b1c0b71991dbfd32c9574f67294a09100f,archive,provider_documented
T2,2026-02-20T18:00:00Z,2026-02-21T01:00:00Z,7,0.04776674482414209,2026-02-19T00:00,sha256:071928f407ba189f1d74b42e9e9ac8b1c0b71991dbfd32c9574f67294a09100f,archive,provider_documented
T2,2026-02-20T18:00:00Z,2026-02-21T02:00:00Z,8,0.1229854116928463,2026-02-19T00:00,sha256:071928f407ba189f1d74b42e9e9ac8b1c0b71991dbfd32c9574f67294a09100f,archive,provider_documented
T2,2026-02-20T18:00:00Z,2026-02-21T03:00:00Z,9,0.24171235043034892,2026-02-19T00:00,sha256:071928f407ba189f1d74b42e9e9ac8b1c0b71991dbfd32c9574f67294a09100f,archive,provider_documented
T2,2026-02-20T18:00:00Z,2026-02-21T04:00:00Z,10,0.0842749215649658,2026-02-19T00:00,sha256:071928f407ba189f1d74b42e9e9ac8b1c0b71991dbfd32c9574f67294a09100f,archive,provider_documented
T2,2026-02-20T18:00:00Z,2026-02-21T05:00:00Z,11,0.056301068097811054,2026-02-19T00:00,sha256:071928f407ba189f1d74b42e9e9ac8b1c0b71991dbfd32c9574f67294a09100f,archive,provider_documented
T2,2026-02-20T18:00:00Z,2026-02-21T06:00:00Z,12,0.7567085258747503,2026-02-19T00:00,sha256:071928f407ba189f1d74b42e9e9ac8b1c0b71991dbfd32c9574f67294a09100f,archive,provider_documented
T2,2026-02-20T18:00:00Z,2026-02-21T07:00:00Z,13,0.9699729236460276,2026-02-19T00:00,sha256:071928f407ba189f1d74b42e9e9ac8b1c0b71991dbfd32c9574f67294a09100f,archive,provider_documented
T2,2026-02-20T18:00:00Z,2026-02-21T08:00:00Z,14,0.9699729236460276,2026-02-19T00:00,sha256:071928f407ba189f1d74b42e9e9ac8b1c0b71991dbfd32c9574f67294a09100f,archive,provider_documented
T2,2026-02-20T18:00:00Z,2026-02-21T09:00:00Z,15,0.9699729236460276,2026-02-19T00:00,sha256:071928f407ba189f1d74b42e9e9ac8b1c0b71991dbfd32c9574f67294a09100f,archive,provider_documented
T2,2026-02-20T18:00:00Z,2026-02-21T10:00:00Z,16,0.939168068411091,2026-02-19T00:00,sha256:071928f407ba189f1d74b42e9e9ac8b1c0b71991dbfd32c9574f67294a09100f,archive,provider_documented
T2,2026-02-20T18:00:00Z,2026-02-21T11:00:00Z,17,0.5061793399773673,2026-02-19T00:00,sha256:071928f407ba189f1d74b42e9e9ac8b1c0b71991dbfd32c9574f67294a09100f,archive,provider_documented
T2,2026-02-20T18:00:00Z,2026-02-21T12:00:00Z,18,0.24848703190755864,2026-02-19T00:00,sha256:071928f407ba189f1d74b42e9e9ac8b1c0b71991dbfd32c9574f67294a09100f,archive,provider_documented
T2,2026-02-20T18:00:00Z,2026-02-21T13:00:00Z,19,0.4509468053722636,2026-02-19T00:00,sha256:071928f407ba189f1d74b42e9e9ac8b1c0b71991dbfd32c9574f67294a09100f,archive,provider_documented
T2,2026-02-20T18:00:00Z,2026-02-21T14:00:00Z,20,0.6234514179533457,2026-02-19T00:00,sha256:071928f407ba189f1d74b42e9e9ac8b1c0b71991dbfd32c9574f67294a09100f,archive,provider_documented
T2,2026-02-20T18:00:00Z,2026-02-21T15:00:00Z,21,0.9686815780813806,2026-02-19T00:00,sha256:071928f407ba189f1d74b42e9e9ac8b1c0b71991dbfd32c9574f67294a09100f,archive,provider_documented
T2,2026-02-20T18:00:00Z,2026-02-21T16:00:00Z,22,0.9699729236460276,2026-02-19T00:00,sha256:071928f407ba189f1d74b42e9e9ac8b1c0b71991dbfd32c9574f67294a09100f,archive,provider_documented
T2,2026-02-20T18:00:00Z,2026-02-21T17:00:00Z,23,0.9699553001842592,2026-02-19T00:00,sha256:071928f407ba189f1d74b42e9e9ac8b1c0b71991dbfd32c9574f67294a09100f,archive,provider_documented
T2,2026-02-20T18:00:00Z,2026-02-21T18:00:00Z,24,0.9725514015927548,2026-02-19T00:00,sha256:071928f407ba189f1d74b42e9e9ac8b1c0b71991dbfd32c9574f67294a09100f,archive,provider_documented
T1,2026-02-21T18:00:00Z,2026-02-21T19:00:00Z,1,0.7443184673834659,2026-02-20T00:00,sha256:594ab96b14faef987df918ca088c7784f8964e26a17075bcc4a009b6d23b8b96,archive,provider_documented
T1,2026-02-21T18:00:00Z,2026-02-21T20:00:00Z,2,0.7016436078737346,2026-02-20T00:00,sha256:594ab96b14faef987df918ca088c7784f8964e26a17075bcc4a009b6d23b8b96,archive,provider_documented
T1,2026-02-21T18:00:00Z,2026-02-21T21:00:00Z,3,0.5948052611102344,2026-02-20T00:00,sha256:594ab96b14faef987df918ca088c7784f8964e26a17075bcc4a009b6d23b8b96,archive,provider_documented
T1,2026-02-21T18:00:00Z,2026-02-21T22:00:00Z,4,0.31035561283992297,2026-02-20T00:00,sha256:594ab96b14faef987df918ca088c7784f8964e26a17075bcc4a009b6d23b8b96,archive,provider_documented
T1,2026-02-21T18:00:00Z,2026-02-21T23:00:00Z,5,0.07022713308016194,2026-02-20T00:00,sha256:594ab96b14faef987df918ca088c7784f8964e26a17075bcc4a009b6d23b8b96,archive,provider_documented
T1,2026-02-21T18:00:00Z,2026-02-22T00:00:00Z,6,0.018033839799504216,2026-02-20T00:00,sha256:594ab96b14faef987df918ca088c7784f8964e26a17075bcc4a009b6d23b8b96,archive,provider_documented
T1,2026-02-21T18:00:00Z,2026-02-22T01:00:00Z,7,0.011686420719674113,2026-02-20T00:00,sha256:594ab96b14faef987df918ca088c7784f8964e26a17075bcc4a009b6d23b8b96,archive,provider_documented
T1,2026-02-21T18:00:00Z,2026-02-22T02:00:00Z,8,0.012523936527461758,2026-02-20T00:00,sha256:594ab96b14faef987df918ca088c7784f8964e26a17075bcc4a009b6d23b8b96,archive,provider_documented
T1,2026-02-21T18:00:00Z,2026-02-22T03:00:00Z,9,0.05462434052126513,2026-02-20T00:00,sha256:594ab96b14faef987df918ca088c7784f8964e26a17075bcc4a009b6d23b8b96,archive,provider_documented
T1,2026-02-21T18:00:00Z,2026-02-22T04:00:00Z,10,0.0478429257809409,2026-02-20T00:00,sha256:594ab96b14faef987df918ca088c7784f8964e26a17075bcc4a009b6d23b8b96,archive,provider_documented
T1,2026-02-21T18:00:00Z,2026-02-22T05:00:00Z,11,0.1765366343388214,2026-02-20T00:00,sha256:594ab96b14faef987df918ca088c7784f8964e26a17075bcc4a009b6d23b8b96,archive,provider_documented
T1,2026-02-21T18:00:00Z,2026-02-22T06:00:00Z,12,0.5581159359359585,2026-02-20T00:00,sha256:594ab96b14faef987df918ca088c7784f8964e26a17075bcc4a009b6d23b8b96,archive,provider_documented
T1,2026-02-21T18:00:00Z,2026-02-22T07:00:00Z,13,0.9024134529371665,2026-02-20T00:00,sha256:594ab96b14faef987df918ca088c7784f8964e26a17075bcc4a009b6d23b8b96,archive,provider_documented
T1,2026-02-21T18:00:00Z,2026-02-22T08:00:00Z,14,0.9513285858981733,2026-02-20T00:00,sha256:594ab96b14faef987df918ca088c7784f8964e26a17075bcc4a009b6d23b8b96,archive,provider_documented
T1,2026-02-21T18:00:00Z,2026-02-22T09:00:00Z,15,0.9508985582778715,2026-02-20T00:00,sha256:594ab96b14faef987df918ca088c7784f8964e26a17075bcc4a009b6d23b8b96,archive,provider_documented
T1,2026-02-21T18:00:00Z,2026-02-22T10:00:00Z,16,0.941666148928395,2026-02-20T00:00,sha256:594ab96b14faef987df918ca088c7784f8964e26a17075bcc4a009b6d23b8b96,archive,provider_documented
T1,2026-02-21T18:00:00Z,2026-02-22T11:00:00Z,17,0.9024134529371665,2026-02-20T00:00,sha256:594ab96b14faef987df918ca088c7784f8964e26a17075bcc4a009b6d23b8b96,archive,provider_documented
T1,2026-02-21T18:00:00Z,2026-02-22T12:00:00Z,18,0.6131294118112006,2026-02-20T00:00,sha256:594ab96b14faef987df918ca088c7784f8964e26a17075bcc4a009b6d23b8b96,archive,provider_documented
T1,2026-02-21T18:00:00Z,2026-02-22T13:00:00Z,19,0.2587630060873346,2026-02-20T00:00,sha256:594ab96b14faef987df918ca088c7784f8964e26a17075bcc4a009b6d23b8b96,archive,provider_documented
T1,2026-02-21T18:00:00Z,2026-02-22T14:00:00Z,20,0.14153995096221625,2026-02-20T00:00,sha256:594ab96b14faef987df918ca088c7784f8964e26a17075bcc4a009b6d23b8b96,archive,provider_documented
T1,2026-02-21T18:00:00Z,2026-02-22T15:00:00Z,21,0.1454321208827812,2026-02-20T00:00,sha256:594ab96b14faef987df918ca088c7784f8964e26a17075bcc4a009b6d23b8b96,archive,provider_documented
T1,2026-02-21T18:00:00Z,2026-02-22T16:00:00Z,22,0.1440544147506241,2026-02-20T00:00,sha256:594ab96b14faef987df918ca088c7784f8964e26a17075bcc4a009b6d23b8b96,archive,provider_documented
T1,2026-02-21T18:00:00Z,2026-02-22T17:00:00Z,23,0.115703265039679,2026-02-20T00:00,sha256:594ab96b14faef987df918ca088c7784f8964e26a17075bcc4a009b6d23b8b96,archive,provider_documented
T1,2026-02-21T18:00:00Z,2026-02-22T18:00:00Z,24,0.15017722204229075,2026-02-20T00:00,sha256:594ab96b14faef987df918ca088c7784f8964e26a17075bcc4a009b6d23b8b96,archive,provider_documented
T2,2026-02-21T18:00:00Z,2026-02-21T19:00:00Z,1,0.75007256823666,2026-02-20T00:00,sha256:071928f407ba189f1d74b42e9e9ac8b1c0b71991dbfd32c9574f67294a09100f,archive,provider_documented
T2,2026-02-21T18:00:00Z,2026-02-21T20:00:00Z,2,0.6960683102324345,2026-02-20T00:00,sha256:071928f407ba189f1d74b42e9e9ac8b1c0b71991dbfd32c9574f67294a09100f,archive,provider_documented
T2,2026-02-21T18:00:00Z,2026-02-21T21:00:00Z,3,0.5525246021455751,2026-02-20T00:00,sha256:071928f407ba189f1d74b42e9e9ac8b1c0b71991dbfd32c9574f67294a09100f,archive,provider_documented
T2,2026-02-21T18:00:00Z,2026-02-21T22:00:00Z,4,0.29242132618959793,2026-02-20T00:00,sha256:071928f407ba189f1d74b42e9e9ac8b1c0b71991dbfd32c9574f67294a09100f,archive,provider_documented
T2,2026-02-21T18:00:00Z,2026-02-21T23:00:00Z,5,0.06277761082665705,2026-02-20T00:00,sha256:071928f407ba189f1d74b42e9e9ac8b1c0b71991dbfd32c9574f67294a09100f,archive,provider_documented
T2,2026-02-21T18:00:00Z,2026-02-22T00:00:00Z,6,0.01005651936154835,2026-02-20T00:00,sha256:071928f407ba189f1d74b42e9e9ac8b1c0b71991dbfd32c9574f67294a09100f,archive,provider_documented
T2,2026-02-21T18:00:00Z,2026-02-22T01:00:00Z,7,0.010008242671297135,2026-02-20T00:00,sha256:071928f407ba189f1d74b42e9e9ac8b1c0b71991dbfd32c9574f67294a09100f,archive,provider_documented
T2,2026-02-21T18:00:00Z,2026-02-22T02:00:00Z,8,0.010855926508843797,2026-02-20T00:00,sha256:071928f407ba189f1d74b42e9e9ac8b1c0b71991dbfd32c9574f67294a09100f,archive,provider_documented
T2,2026-02-21T18:00:00Z,2026-02-22T03:00:00Z,9,0.04072740652063699,2026-02-20T00:00,sha256:071928f407ba189f1d74b42e9e9ac8b1c0b71991dbfd32c9574f67294a09100f,archive,provider_documented
T2,2026-02-21T18:00:00Z,2026-02-22T04:00:00Z,10,0.04097886477650803,2026-02-20T00:00,sha256:071928f407ba189f1d74b42e9e9ac8b1c0b71991dbfd32c9574f67294a09100f,archive,provider_documented
T2,2026-02-21T18:00:00Z,2026-02-22T05:00:00Z,11,0.1591638374898754,2026-02-20T00:00,sha256:071928f407ba189f1d74b42e9e9ac8b1c0b71991dbfd32c9574f67294a09100f,archive,provider_documented
T2,2026-02-21T18:00:00Z,2026-02-22T06:00:00Z,12,0.5298845514061343,2026-02-20T00:00,sha256:071928f407ba189f1d74b42e9e9ac8b1c0b71991dbfd32c9574f67294a09100f,archive,provider_documented
T2,2026-02-21T18:00:00Z,2026-02-22T07:00:00Z,13,0.9007910334325429,2026-02-20T00:00,sha256:071928f407ba189f1d74b42e9e9ac8b1c0b71991dbfd32c9574f67294a09100f,archive,provider_documented
T2,2026-02-21T18:00:00Z,2026-02-22T08:00:00Z,14,0.9476984821750151,2026-02-20T00:00,sha256:071928f407ba189f1d74b42e9e9ac8b1c0b71991dbfd32c9574f67294a09100f,archive,provider_documented
T2,2026-02-21T18:00:00Z,2026-02-22T09:00:00Z,15,0.9495506259483727,2026-02-20T00:00,sha256:071928f407ba189f1d74b42e9e9ac8b1c0b71991dbfd32c9574f67294a09100f,archive,provider_documented
T2,2026-02-21T18:00:00Z,2026-02-22T10:00:00Z,16,0.939168068411091,2026-02-20T00:00,sha256:071928f407ba189f1d74b42e9e9ac8b1c0b71991dbfd32c9574f67294a09100f,archive,provider_documented
T2,2026-02-21T18:00:00Z,2026-02-22T11:00:00Z,17,0.8816381883767648,2026-02-20T00:00,sha256:071928f407ba189f1d74b42e9e9ac8b1c0b71991dbfd32c9574f67294a09100f,archive,provider_documented
T2,2026-02-21T18:00:00Z,2026-02-22T12:00:00Z,18,0.6232509151872252,2026-02-20T00:00,sha256:071928f407ba189f1d74b42e9e9ac8b1c0b71991dbfd32c9574f67294a09100f,archive,provider_documented
T2,2026-02-21T18:00:00Z,2026-02-22T13:00:00Z,19,0.21494364629665355,2026-02-20T00:00,sha256:071928f407ba189f1d74b42e9e9ac8b1c0b71991dbfd32c9574f67294a09100f,archive,provider_documented
T2,2026-02-21T18:00:00Z,2026-02-22T14:00:00Z,20,0.1229854116928463,2026-02-20T00:00,sha256:071928f407ba189f1d74b42e9e9ac8b1c0b71991dbfd32c9574f67294a09100f,archive,provider_documented
T2,2026-02-21T18:00:00Z,2026-02-22T15:00:00Z,21,0.12494444463922855,2026-02-20T00:00,sha256:071928f407ba189f1d74b42e9e9ac8b1c0b71991dbfd32c9574f67294a09100f,archive,provider_documented
T2,2026-02-21T18:00:00Z,2026-02-22T16:00:00Z,22,0.10865361130589517,2026-02-20T00:00,sha256:071928f407ba189f1d74b42e9e9ac8b1c0b71991dbfd32c9574f67294a09100f,archive,provider_documented
T2,2026-02-21T18:00:00Z,2026-02-22T17:00:00Z,23,0.1128281712791059,2026-02-20T00:00,sha256:071928f407ba189f1d74b42e9e9ac8b1c0b71991dbfd32c9574f67294a09100f,archive,provider_documented
T2,2026-02-21T18:00:00Z,2026-02-22T18:00:00Z,24,0.12199549225139984,2026-02-20T00:00,sha256:071928f407ba189f1d74b42e9e9ac8b1c0b71991dbfd32c9574f67294a09100f,archive,provider_documented
T1,2026-02-22T18:00:00Z,2026-02-22T19:00:00Z,1,0.1218260723313457,2026-02-21T00:00,sha256:594ab96b14faef987df918ca088c7784f8964e26a17075bcc4a009b6d23b8b96,archive,provider_documented
T1,2026-02-22T18:00:00Z,2026-02-22T20:00:00Z,2,0.0602101820637174,2026-02-21T00:00,sha256:594ab96b14faef987df918ca088c7784f8964e26a17075bcc4a009b6d23b8b96,archive,provider_documented
T1,2026-02-22T18:00:00Z,2026-02-22T21:00:00Z,3,0.012523936527461758,2026-02-21T00:00,sha256:594ab96b14faef987df918ca088c7784f8964e26a17075bcc4a009b6d23b8b96,archive,provider_documented
T1,2026-02-22T18:00:00Z,2026-02-22T22:00:00Z,4,0.010254980866220407,2026-02-21T00:00,sha256:594ab96b14faef987df918ca088c7784f8964e26a17075bcc4a009b6d23b8b96,archive,provider_documented
T1,2026-02-22T18:00:00Z,2026-02-22T23:00:00Z,5,0.011787929746785891,2026-02-21T00:00,sha256:594ab96b14faef987df918ca088c7784f8964e26a17075bcc4a009b6d23b8b96,archive,provider_documented
T1,2026-02-22T18:00:00Z,2026-02-23T00:00:00Z,6,0.05195676206263602,2026-02-21T00:00,sha256:594ab96b14faef987df918ca088c7784f8964e26a17075bcc4a009b6d23b8b96,archive,provider_documented
T1,2026-02-22T18:00:00Z,2026-02-23T01:00:00Z,7,0.07022713308016194,2026-02-21T00:00,sha256:594ab96b14faef987df918ca088c7784f8964e26a17075bcc4a009b6d23b8b96,archive,provider_documented
T1,2026-02-22T18:00:00Z,2026-02-23T02:00:00Z,8,0.07022713308016194,2026-02-21T00:00,sha256:594ab96b14faef987df918ca088c7784f8964e26a17075bcc4a009b6d23b8b96,archive,provider_documented
T1,2026-02-22T18:00:00Z,2026-02-23T03:00:00Z,9,0.0478429257809409,2026-02-21T00:00,sha256:594ab96b14faef987df918ca088c7784f8964e26a17075bcc4a009b6d23b8b96,archive,provider_documented
T1,2026-02-22T18:00:00Z,2026-02-23T04:00:00Z,10,0.06314948560152292,2026-02-21T00:00,sha256:594ab96b14faef987df918ca088c7784f8964e26a17075bcc4a009b6d23b8b96,archive,provider_documented
T1,2026-02-22T18:00:00Z,2026-02-23T05:00:00Z,11,0.23914453536292601,2026-02-21T00:00,sha256:594ab96b14faef987df918ca088c7784f8964e26a17075bcc4a009b6d23b8b96,archive,provider_documented
T1,2026-02-22T18:00:00Z,2026-02-23T06:00:00Z,12,0.5109422837360484,2026-02-21T00:00,sha256:594ab96b14faef987df918ca088c7784f8964e26a17075bcc4a009b6d23b8b96,archive,provider_documented
T1,2026-02-22T18:00:00Z,2026-02-23T07:00:00Z,13,0.7361427280892393,2026-02-21T00:00,sha256:594ab96b14faef987df918ca088c7784f8964e26a17075bcc4a009b6d23b8b96,archive,provider_documented
T1,2026-02-22T18:00:00Z,2026-02-23T08:00:00Z,14,0.8241371654121844,2026-02-21T00:00,sha256:594ab96b14faef987df918ca088c7784f8964e26a17075bcc4a009b6d23b8b96,archive,provider_documented
T1,2026-02-22T18:00:00Z,2026-02-23T09:00:00Z,15,0.941666148928395,2026-02-21T00:00,sha256:594ab96b14faef987df918ca088c7784f8964e26a17075bcc4a009b6d23b8b96,archive,provider_documented
T1,2026-02-22T18:00:00Z,2026-02-23T10:00:00Z,16,0.9513285858981733,2026-02-21T00:00,sha256:594ab96b14faef987df918ca088c7784f8964e26a17075bcc4a009b6d23b8b96,archive,provider_documented
T1,2026-02-22T18:00:00Z,2026-02-23T11:00:00Z,17,0.9676502054383525,2026-02-21T00:00,sha256:594ab96b14faef987df918ca088c7784f8964e26a17075bcc4a009b6d23b8b96,archive,provider_documented
T1,2026-02-22T18:00:00Z,2026-02-23T12:00:00Z,18,0.9676502054383525,2026-02-21T00:00,sha256:594ab96b14faef987df918ca088c7784f8964e26a17075bcc4a009b6d23b8b96,archive,provider_documented
T1,2026-02-22T18:00:00Z,2026-02-23T13:00:00Z,19,0.9734134941188008,2026-02-21T00:00,sha256:594ab96b14faef987df918ca088c7784f8964e26a17075bcc4a009b6d23b8b96,archive,provider_documented
T1,2026-02-22T18:00:00Z,2026-02-23T14:00:00Z,20,0.9935877982047459,2026-02-21T00:00,sha256:594ab96b14faef987df918ca088c7784f8964e26a17075bcc4a009b6d23b8b96,archive,provider_documented
T1,2026-02-22T18:00:00Z,2026-02-23T15:00:00Z,21,0.9935877982047459,2026-02-21T00:00,sha256:594ab96b14faef987df918ca088c7784f8964e26a17075bcc4a009b6d23b8b96,archive,provider_documented
T1,2026-02-22T18:00:00Z,2026-02-23T16:00:00Z,22,0.990563346414671,2026-02-21T00:00,sha256:594ab96b14faef987df918ca088c7784f8964e26a17075bcc4a009b6d23b8b96,archive,provider_documented
T1,2026-02-22T18:00:00Z,2026-02-23T17:00:00Z,23,0.990563346414671,2026-02-21T00:00,sha256:594ab96b14faef987df918ca088c7784f8964e26a17075bcc4a009b6d23b8b96,archive,provider_documented
T1,2026-02-22T18:00:00Z,2026-02-23T18:00:00Z,24,0.9950192380581997,2026-02-21T00:00,sha256:594ab96b14faef987df918ca088c7784f8964e26a17075bcc4a009b6d23b8b96,archive,provider_documented
T2,2026-02-22T18:00:00Z,2026-02-22T19:00:00Z,1,0.1128281712791059,2026-02-21T00:00,sha256:071928f407ba189f1d74b42e9e9ac8b1c0b71991dbfd32c9574f67294a09100f,archive,provider_documented
T2,2026-02-22T18:00:00Z,2026-02-22T20:00:00Z,2,0.04072740652063699,2026-02-21T00:00,sha256:071928f407ba189f1d74b42e9e9ac8b1c0b71991dbfd32c9574f67294a09100f,archive,provider_documented
T2,2026-02-22T18:00:00Z,2026-02-22T21:00:00Z,3,0.010855926508843797,2026-02-21T00:00,sha256:071928f407ba189f1d74b42e9e9ac8b1c0b71991dbfd32c9574f67294a09100f,archive,provider_documented
T2,2026-02-22T18:00:00Z,2026-02-22T22:00:00Z,4,0.010234922619829955,2026-02-21T00:00,sha256:071928f407ba189f1d74b42e9e9ac8b1c0b71991dbfd32c9574f67294a09100f,archive,provider_documented
T2,2026-02-22T18:00:00Z,2026-02-22T23:00:00Z,5,0.010301445237540003,2026-02-21T00:00,sha256:071928f407ba189f1d74b42e9e9ac8b1c0b71991dbfd32c9574f67294a09100f,archive,provider_documented
T2,2026-02-22T18:00:00Z,2026-02-23T00:00:00Z,6,0.04072740652063699,2026-02-21T00:00,sha256:071928f407ba189f1d74b42e9e9ac8b1c0b71991dbfd32c9574f67294a09100f,archive,provider_documented
T2,2026-02-22T18:00:00Z,2026-02-23T01:00:00Z,7,0.06277761082665705,2026-02-21T00:00,sha256:071928f407ba189f1d74b42e9e9ac8b1c0b71991dbfd32c9574f67294a09100f,archive,provider_documented
T2,2026-02-22T18:00:00Z,2026-02-23T02:00:00Z,8,0.06277761082665705,2026-02-21T00:00,sha256:071928f407ba189f1d74b42e9e9ac8b1c0b71991dbfd32c9574f67294a09100f,archive,provider_documented
T2,2026-02-22T18:00:00Z,2026-02-23T03:00:00Z,9,0.047044425515457705,2026-02-21T00:00,sha256:071928f407ba189f1d74b42e9e9ac8b1c0b71991dbfd32c9574f67294a09100f,archive,provider_documented
T2,2026-02-22T18:00:00Z,2026-02-23T04:00:00Z,10,0.056301068097811054,2026-02-21T00:00,sha256:071928f407ba189f1d74b42e9e9ac8b1c0b71991dbfd32c9574f67294a09100f,archive,provider_documented
T2,2026-02-22T18:00:00Z,2026-02-23T05:00:00Z,11,0.21474314353053306,2026-02-21T00:00,sha256:071928f407ba189f1d74b42e9e9ac8b1c0b71991dbfd32c9574f67294a09100f,archive,provider_documented
T2,2026-02-22T18:00:00Z,2026-02-23T06:00:00Z,12,0.46630715726106947,2026-02-21T00:00,sha256:071928f407ba189f1d74b42e9e9ac8b1c0b71991dbfd32c9574f67294a09100f,archive,provider_documented
T2,2026-02-22T18:00:00Z,2026-02-23T07:00:00Z,13,0.723329123312995,2026-02-21T00:00,sha256:071928f407ba189f1d74b42e9e9ac8b1c0b71991dbfd32c9574f67294a09100f,archive,provider_documented
T2,2026-02-22T18:00:00Z,2026-02-23T08:00:00Z,14,0.8272439712328223,2026-02-21T00:00,sha256:071928f407ba189f1d74b42e9e9ac8b1c0b71991dbfd32c9574f67294a09100f,archive,provider_documented
T2,2026-02-22T18:00:00Z,2026-02-23T09:00:00Z,15,0.939168068411091,2026-02-21T00:00,sha256:071928f407ba189f1d74b42e9e9ac8b1c0b71991dbfd32c9574f67294a09100f,archive,provider_documented
T2,2026-02-22T18:00:00Z,2026-02-23T10:00:00Z,16,0.9567918446956994,2026-02-21T00:00,sha256:071928f407ba189f1d74b42e9e9ac8b1c0b71991dbfd32c9574f67294a09100f,archive,provider_documented
T2,2026-02-22T18:00:00Z,2026-02-23T11:00:00Z,17,0.9694032070734883,2026-02-21T00:00,sha256:071928f407ba189f1d74b42e9e9ac8b1c0b71991dbfd32c9574f67294a09100f,archive,provider_documented
T2,2026-02-22T18:00:00Z,2026-02-23T12:00:00Z,18,0.9697943742462475,2026-02-21T00:00,sha256:071928f407ba189f1d74b42e9e9ac8b1c0b71991dbfd32c9574f67294a09100f,archive,provider_documented
T2,2026-02-22T18:00:00Z,2026-02-23T13:00:00Z,19,0.9714760194083358,2026-02-21T00:00,sha256:071928f407ba189f1d74b42e9e9ac8b1c0b71991dbfd32c9574f67294a09100f,archive,provider_documented
T2,2026-02-22T18:00:00Z,2026-02-23T14:00:00Z,20,0.9740020258048647,2026-02-21T00:00,sha256:071928f407ba189f1d74b42e9e9ac8b1c0b71991dbfd32c9574f67294a09100f,archive,provider_documented
T2,2026-02-22T18:00:00Z,2026-02-23T15:00:00Z,21,0.9740020258048647,2026-02-21T00:00,sha256:071928f407ba189f1d74b42e9e9ac8b1c0b71991dbfd32c9574f67294a09100f,archive,provider_documented
T2,2026-02-22T18:00:00Z,2026-02-23T16:00:00Z,22,0.9741823038548068,2026-02-21T00:00,sha256:071928f407ba189f1d74b42e9e9ac8b1c0b71991dbfd32c9574f67294a09100f,archive,provider_documented
T2,2026-02-22T18:00:00Z,2026-02-23T17:00:00Z,23,0.9771711428105438,2026-02-21T00:00,sha256:071928f407ba189f1d74b42e9e9ac8b1c0b71991dbfd32c9574f67294a09100f,archive,provider_documented
T2,2026-02-22T18:00:00Z,2026-02-23T18:00:00Z,24,0.9781371153026265,2026-02-21T00:00,sha256:071928f407ba189f1d74b42e9e9ac8b1c0b71991dbfd32c9574f67294a09100f,archive,provider_documented
T1,2026-02-23T18:00:00Z,2026-02-23T19:00:00Z,1,1.0,2026-02-22T00:00,sha256:594ab96b14faef987df918ca088c7784f8964e26a17075bcc4a009b6d23b8b96,archive,provider_documented
T1,2026-02-23T18:00:00Z,2026-02-23T20:00:00Z,2,0.9889659424951511,2026-02-22T00:00,sha256:594ab96b14faef987df918ca088c7784f8964e26a17075bcc4a009b6d23b8b96,archive,provider_documented
T1,2026-02-23T18:00:00Z,2026-02-23T21:00:00Z,3,0.9413074465723859,2026-02-22T00:00,sha256:594ab96b14faef987df918ca088c7784f8964e26a17075bcc4a009b6d23b8b96,archive,provider_documented
T1,2026-02-23T18:00:00Z,2026-02-23T22:00:00Z,4,0.9836490380719952,2026-02-22T00:00,sha256:594ab96b14faef987df918ca088c7784f8964e26a17075bcc4a009b6d23b8b96,archive,provider_documented
T1,2026-02-23T18:00:00Z,2026-02-23T23:00:00Z,5,0.9614018792844894,2026-02-22T00:00,sha256:594ab96b14faef987df918ca088c7784f8964e26a17075bcc4a009b6d23b8b96,archive,provider_documented
T1,2026-02-23T18:00:00Z,2026-02-24T00:00:00Z,6,0.99021725873472,2026-02-22T00:00,sha256:594ab96b14faef987df918ca088c7784f8964e26a17075bcc4a009b6d23b8b96,archive,provider_documented
T1,2026-02-23T18:00:00Z,2026-02-24T01:00:00Z,7,0.9614638176049839,2026-02-22T00:00,sha256:594ab96b14faef987df918ca088c7784f8964e26a17075bcc4a009b6d23b8b96,archive,provider_documented
T1,2026-02-23T18:00:00Z,2026-02-24T02:00:00Z,8,0.9185666472903615,2026-02-22T00:00,sha256:594ab96b14faef987df918ca088c7784f8964e26a17075bcc4a009b6d23b8b96,archive,provider_documented
T1,2026-02-23T18:00:00Z,2026-02-24T03:00:00Z,9,0.8807553668396259,2026-02-22T00:00,sha256:594ab96b14faef987df918ca088c7784f8964e26a17075bcc4a009b6d23b8b96,archive,provider_documented
T1,2026-02-23T18:00:00Z,2026-02-24T04:00:00Z,10,0.906203228522221,2026-02-22T00:00,sha256:594ab96b14faef987df918ca088c7784f8964e26a17075bcc4a009b6d23b8b96,archive,provider_documented
T1,2026-02-23T18:00:00Z,2026-02-24T05:00:00Z,11,0.8986718395968637,2026-02-22T00:00,sha256:594ab96b14faef987df918ca088c7784f8964e26a17075bcc4a009b6d23b8b96,archive,provider_documented
T1,2026-02-23T18:00:00Z,2026-02-24T06:00:00Z,12,0.8497345335062924,2026-02-22T00:00,sha256:594ab96b14faef987df918ca088c7784f8964e26a17075bcc4a009b6d23b8b96,archive,provider_documented
T1,2026-02-23T18:00:00Z,2026-02-24T07:00:00Z,13,0.8340855563578548,2026-02-22T00:00,sha256:594ab96b14faef987df918ca088c7784f8964e26a17075bcc4a009b6d23b8b96,archive,provider_documented
T1,2026-02-23T18:00:00Z,2026-02-24T08:00:00Z,14,0.8159957386495215,2026-02-22T00:00,sha256:594ab96b14faef987df918ca088c7784f8964e26a17075bcc4a009b6d23b8b96,archive,provider_documented
T1,2026-02-23T18:00:00Z,2026-02-24T09:00:00Z,15,0.7016436078737346,2026-02-22T00:00,sha256:594ab96b14faef987df918ca088c7784f8964e26a17075bcc4a009b6d23b8b96,archive,provider_documented
T1,2026-02-23T18:00:00Z,2026-02-24T10:00:00Z,16,0.6232380748880486,2026-02-22T00:00,sha256:594ab96b14faef987df918ca088c7784f8964e26a17075bcc4a009b6d23b8b96,archive,provider_documented
T1,2026-02-23T18:00:00Z,2026-02-24T11:00:00Z,17,0.47343344226689615,2026-02-22T00:00,sha256:594ab96b14faef987df918ca088c7784f8964e26a17075bcc4a009b6d23b8b96,archive,provider_documented
T1,2026-02-23T18:00:00Z,2026-02-24T12:00:00Z,18,0.07022713308016194,2026-02-22T00:00,sha256:594ab96b14faef987df918ca088c7784f8964e26a17075bcc4a009b6d23b8b96,archive,provider_documented
T1,2026-02-23T18:00:00Z,2026-02-24T13:00:00Z,19,0.049446989376198826,2026-02-22T00:00,sha256:594ab96b14faef987df918ca088c7784f8964e26a17075bcc4a009b6d23b8b96,archive,provider_documented
T1,2026-02-23T18:00:00Z,2026-02-24T14:00:00Z,20,0.013219369600239598,2026-02-22T00:00,sha256:594ab96b14faef987df918ca088c7784f8964e26a17075bcc4a009b6d23b8b96,archive,provider_documented
T1,2026-02-23T18:00:00Z,2026-02-24T15:00:00Z,21,0.011686420719674113,2026-02-22T00:00,sha256:594ab96b14faef987df918ca088c7784f8964e26a17075bcc4a009b6d23b8b96,archive,provider_documented
T1,2026-02-23T18:00:00Z,2026-02-24T16:00:00Z,22,0.02205597556999304,2026-02-22T00:00,sha256:594ab96b14faef987df918ca088c7784f8964e26a17075bcc4a009b6d23b8b96,archive,provider_documented
T1,2026-02-23T18:00:00Z,2026-02-24T17:00:00Z,23,0.06828061547713972,2026-02-22T00:00,sha256:594ab96b14faef987df918ca088c7784f8964e26a17075bcc4a009b6d23b8b96,archive,provider_documented
T1,2026-02-23T18:00:00Z,2026-02-24T18:00:00Z,24,0.11987955472832344,2026-02-22T00:00,sha256:594ab96b14faef987df918ca088c7784f8964e26a17075bcc4a009b6d23b8b96,archive,provider_documented
T2,2026-02-23T18:00:00Z,2026-02-23T19:00:00Z,1,0.9825289434865131,2026-02-22T00:00,sha256:071928f407ba189f1d74b42e9e9ac8b1c0b71991dbfd32c9574f67294a09100f,archive,provider_documented
T2,2026-02-23T18:00:00Z,2026-02-23T20:00:00Z,2,0.9764594561959169,2026-02-22T00:00,sha256:071928f407ba189f1d74b42e9e9ac8b1c0b71991dbfd32c9574f67294a09100f,archive,provider_documented
T2,2026-02-23T18:00:00Z,2026-02-23T21:00:00Z,3,0.962048743510928,2026-02-22T00:00,sha256:071928f407ba189f1d74b42e9e9ac8b1c0b71991dbfd32c9574f67294a09100f,archive,provider_documented
T2,2026-02-23T18:00:00Z,2026-02-23T22:00:00Z,4,0.96925971859085,2026-02-22T00:00,sha256:071928f407ba189f1d74b42e9e9ac8b1c0b71991dbfd32c9574f67294a09100f,archive,provider_documented
T2,2026-02-23T18:00:00Z,2026-02-23T23:00:00Z,5,0.96925971859085,2026-02-22T00:00,sha256:071928f407ba189f1d74b42e9e9ac8b1c0b71991dbfd32c9574f67294a09100f,archive,provider_documented
T2,2026-02-23T18:00:00Z,2026-02-24T00:00:00Z,6,0.9774856936188144,2026-02-22T00:00,sha256:071928f407ba189f1d74b42e9e9ac8b1c0b71991dbfd32c9574f67294a09100f,archive,provider_documented
T2,2026-02-23T18:00:00Z,2026-02-24T01:00:00Z,7,0.9592086109450348,2026-02-22T00:00,sha256:071928f407ba189f1d74b42e9e9ac8b1c0b71991dbfd32c9574f67294a09100f,archive,provider_documented
T2,2026-02-23T18:00:00Z,2026-02-24T02:00:00Z,8,0.9228761944746304,2026-02-22T00:00,sha256:071928f407ba189f1d74b42e9e9ac8b1c0b71991dbfd32c9574f67294a09100f,archive,provider_documented
T2,2026-02-23T18:00:00Z,2026-02-24T03:00:00Z,9,0.8752385609470108,2026-02-22T00:00,sha256:071928f407ba189f1d74b42e9e9ac8b1c0b71991dbfd32c9574f67294a09100f,archive,provider_documented
T2,2026-02-23T18:00:00Z,2026-02-24T04:00:00Z,10,0.9197004359470109,2026-02-22T00:00,sha256:071928f407ba189f1d74b42e9e9ac8b1c0b71991dbfd32c9574f67294a09100f,archive,provider_documented
T2,2026-02-23T18:00:00Z,2026-02-24T05:00:00Z,11,0.9032622219912736,2026-02-22T00:00,sha256:071928f407ba189f1d74b42e9e9ac8b1c0b71991dbfd32c9574f67294a09100f,archive,provider_documented
T2,2026-02-23T18:00:00Z,2026-02-24T06:00:00Z,12,0.8421657238361329,2026-02-22T00:00,sha256:071928f407ba189f1d74b42e9e9ac8b1c0b71991dbfd32c9574f67294a09100f,archive,provider_documented
T2,2026-02-23T18:00:00Z,2026-02-24T07:00:00Z,13,0.8266470186376589,2026-02-22T00:00,sha256:071928f407ba189f1d74b42e9e9ac8b1c0b71991dbfd32c9574f67294a09100f,archive,provider_documented
T2,2026-02-23T18:00:00Z,2026-02-24T08:00:00Z,14,0.8087863212743776,2026-02-22T00:00,sha256:071928f407ba189f1d74b42e9e9ac8b1c0b71991dbfd32c9574f67294a09100f,archive,provider_documented
T2,2026-02-23T18:00:00Z,2026-02-24T09:00:00Z,15,0.6960683102324345,2026-02-22T00:00,sha256:071928f407ba189f1d74b42e9e9ac8b1c0b71991dbfd32c9574f67294a09100f,archive,provider_documented
T2,2026-02-23T18:00:00Z,2026-02-24T10:00:00Z,16,0.592230524228119,2026-02-22T00:00,sha256:071928f407ba189f1d74b42e9e9ac8b1c0b71991dbfd32c9574f67294a09100f,archive,provider_documented
T2,2026-02-23T18:00:00Z,2026-02-24T11:00:00Z,17,0.45979032161180333,2026-02-22T00:00,sha256:071928f407ba189f1d74b42e9e9ac8b1c0b71991dbfd32c9574f67294a09100f,archive,provider_documented
T2,2026-02-23T18:00:00Z,2026-02-24T12:00:00Z,18,0.06277761082665705,2026-02-22T00:00,sha256:071928f407ba189f1d74b42e9e9ac8b1c0b71991dbfd32c9574f67294a09100f,archive,provider_documented
T2,2026-02-23T18:00:00Z,2026-02-24T13:00:00Z,19,0.03800119485175809,2026-02-22T00:00,sha256:071928f407ba189f1d74b42e9e9ac8b1c0b71991dbfd32c9574f67294a09100f,archive,provider_documented
T2,2026-02-23T18:00:00Z,2026-02-24T14:00:00Z,20,0.010301445237540003,2026-02-22T00:00,sha256:071928f407ba189f1d74b42e9e9ac8b1c0b71991dbfd32c9574f67294a09100f,archive,provider_documented
T2,2026-02-23T18:00:00Z,2026-02-24T15:00:00Z,21,0.01005651936154835,2026-02-22T00:00,sha256:071928f407ba189f1d74b42e9e9ac8b1c0b71991dbfd32c9574f67294a09100f,archive,provider_documented
T2,2026-02-23T18:00:00Z,2026-02-24T16:00:00Z,22,0.013930734797605265,2026-02-22T00:00,sha256:071928f407ba189f1d74b42e9e9ac8b1c0b71991dbfd32c9574f67294a09100f,archive,provider_documented
T2,2026-02-23T18:00:00Z,2026-02-24T17:00:00Z,23,0.06277761082665705,2026-02-22T00:00,sha256:071928f407ba189f1d74b42e9e9ac8b1c0b71991dbfd32c9574f67294a09100f,archive,provider_documented
T2,2026-02-23T18:00:00Z,2026-02-24T18:00:00Z,24,0.1128281712791059,2026-02-22T00:00,sha256:071928f407ba189f1d74b42e9e9ac8b1c0b71991dbfd32c9574f67294a09100f,archive,provider_documented
T1,2026-02-24T18:00:00Z,2026-02-24T19:00:00Z,1,0.047500471773176636,2026-02-23T00:00,sha256:594ab96b14faef987df918ca088c7784f8964e26a17075bcc4a009b6d23b8b96,archive,provider_documented
T1,2026-02-24T18:00:00Z,2026-02-24T20:00:00Z,2,0.06828061547713972,2026-02-23T00:00,sha256:594ab96b14faef987df918ca088c7784f8964e26a17075bcc4a009b6d23b8b96,archive,provider_documented
T1,2026-02-24T18:00:00Z,2026-02-24T21:00:00Z,3,0.06828061547713972,2026-02-23T00:00,sha256:594ab96b14faef987df918ca088c7784f8964e26a17075bcc4a009b6d23b8b96,archive,provider_documented
T1,2026-02-24T18:00:00Z,2026-02-24T22:00:00Z,4,0.06828061547713972,2026-02-23T00:00,sha256:594ab96b14faef987df918ca088c7784f8964e26a17075bcc4a009b6d23b8b96,archive,provider_documented
T1,2026-02-24T18:00:00Z,2026-02-24T23:00:00Z,5,0.11987955472832344,2026-02-23T00:00,sha256:594ab96b14faef987df918ca088c7784f8964e26a17075bcc4a009b6d23b8b96,archive,provider_documented
T1,2026-02-24T18:00:00Z,2026-02-25T00:00:00Z,6,0.3066488789388937,2026-02-23T00:00,sha256:594ab96b14faef987df918ca088c7784f8964e26a17075bcc4a009b6d23b8b96,archive,provider_documented
T1,2026-02-24T18:00:00Z,2026-02-25T01:00:00Z,7,0.34491978855009187,2026-02-23T00:00,sha256:594ab96b14faef987df918ca088c7784f8964e26a17075bcc4a009b6d23b8b96,archive,provider_documented
T1,2026-02-24T18:00:00Z,2026-02-25T02:00:00Z,8,0.48796248665905306,2026-02-23T00:00,sha256:594ab96b14faef987df918ca088c7784f8964e26a17075bcc4a009b6d23b8b96,archive,provider_documented
T1,2026-02-24T18:00:00Z,2026-02-25T03:00:00Z,9,0.4748648821203498,2026-02-23T00:00,sha256:594ab96b14faef987df918ca088c7784f8964e26a17075bcc4a009b6d23b8b96,archive,provider_documented
T1,2026-02-24T18:00:00Z,2026-02-25T04:00:00Z,10,0.8340855563578548,2026-02-23T00:00,sha256:594ab96b14faef987df918ca088c7784f8964e26a17075bcc4a009b6d23b8b96,archive,provider_documented
T1,2026-02-24T18:00:00Z,2026-02-25T05:00:00Z,11,0.9138132562195247,2026-02-23T00:00,sha256:594ab96b14faef987df918ca088c7784f8964e26a17075bcc4a009b6d23b8b96,archive,provider_documented
T1,2026-02-24T18:00:00Z,2026-02-25T06:00:00Z,12,0.7780572622402367,2026-02-23T00:00,sha256:594ab96b14faef987df918ca088c7784f8964e26a17075bcc4a009b6d23b8b96,archive,provider_documented
T1,2026-02-24T18:00:00Z,2026-02-25T07:00:00Z,13,0.6132597935824334,2026-02-23T00:00,sha256:594ab96b14faef987df918ca088c7784f8964e26a17075bcc4a009b6d23b8b96,archive,provider_documented
T1,2026-02-24T18:00:00Z,2026-02-25T08:00:00Z,14,0.6132597935824334,2026-02-23T00:00,sha256:594ab96b14faef987df918ca088c7784f8964e26a17075bcc4a009b6d23b8b96,archive,provider_documented
T1,2026-02-24T18:00:00Z,2026-02-25T09:00:00Z,15,0.5374968988687181,2026-02-23T00:00,sha256:594ab96b14faef987df918ca088c7784f8964e26a17075bcc4a009b6d23b8b96,archive,provider_documented
T1,2026-02-24T18:00:00Z,2026-02-25T10:00:00Z,16,0.511072665507281,2026-02-23T00:00,sha256:594ab96b14faef987df918ca088c7784f8964e26a17075bcc4a009b6d23b8b96,archive,provider_documented
T1,2026-02-24T18:00:00Z,2026-02-25T11:00:00Z,17,0.4443542945737407,2026-02-23T00:00,sha256:594ab96b14faef987df918ca088c7784f8964e26a17075bcc4a009b6d23b8b96,archive,provider_documented
T1,2026-02-24T18:00:00Z,2026-02-25T12:00:00Z,18,0.1765366343388214,2026-02-23T00:00,sha256:594ab96b14faef987df918ca088c7784f8964e26a17075bcc4a009b6d23b8b96,archive,provider_documented
T1,2026-02-24T18:00:00Z,2026-02-25T13:00:00Z,19,0.3042328055482564,2026-02-23T00:00,sha256:594ab96b14faef987df918ca088c7784f8964e26a17075bcc4a009b6d23b8b96,archive,provider_documented
T1,2026-02-24T18:00:00Z,2026-02-25T14:00:00Z,20,0.3042328055482564,2026-02-23T00:00,sha256:594ab96b14faef987df918ca088c7784f8964e26a17075bcc4a009b6d23b8b96,archive,provider_documented
T1,2026-02-24T18:00:00Z,2026-02-25T15:00:00Z,21,0.31035561283992297,2026-02-23T00:00,sha256:594ab96b14faef987df918ca088c7784f8964e26a17075bcc4a009b6d23b8b96,archive,provider_documented
T1,2026-02-24T18:00:00Z,2026-02-25T16:00:00Z,22,0.6720643998401706,2026-02-23T00:00,sha256:594ab96b14faef987df918ca088c7784f8964e26a17075bcc4a009b6d23b8b96,archive,provider_documented
T1,2026-02-24T18:00:00Z,2026-02-25T17:00:00Z,23,0.7016436078737346,2026-02-23T00:00,sha256:594ab96b14faef987df918ca088c7784f8964e26a17075bcc4a009b6d23b8b96,archive,provider_documented
T1,2026-02-24T18:00:00Z,2026-02-25T18:00:00Z,24,0.7016436078737346,2026-02-23T00:00,sha256:594ab96b14faef987df918ca088c7784f8964e26a17075bcc4a009b6d23b8b96,archive,provider_documented
T2,2026-02-24T18:00:00Z,2026-02-24T19:00:00Z,1,0.03800119485175809,2026-02-23T00:00,sha256:071928f407ba189f1d74b42e9e9ac8b1c0b71991dbfd32c9574f67294a09100f,archive,provider_documented
T2,2026-02-24T18:00:00Z,2026-02-24T20:00:00Z,2,0.06277761082665705,2026-02-23T00:00,sha256:071928f407ba189f1d74b42e9e9ac8b1c0b71991dbfd32c9574f67294a09100f,archive,provider_documented
T2,2026-02-24T18:00:00Z,2026-02-24T21:00:00Z,3,0.05948198578834669,2026-02-23T00:00,sha256:071928f407ba189f1d74b42e9e9ac8b1c0b71991dbfd32c9574f67294a09100f,archive,provider_documented
T2,2026-02-24T18:00:00Z,2026-02-24T22:00:00Z,4,0.06266462455673379,2026-02-23T00:00,sha256:071928f407ba189f1d74b42e9e9ac8b1c0b71991dbfd32c9574f67294a09100f,archive,provider_documented
T2,2026-02-24T18:00:00Z,2026-02-24T23:00:00Z,5,0.1128281712791059,2026-02-23T00:00,sha256:071928f407ba189f1d74b42e9e9ac8b1c0b71991dbfd32c9574f67294a09100f,archive,provider_documented
T2,2026-02-24T18:00:00Z,2026-02-25T00:00:00Z,6,0.2814454336681401,2026-02-23T00:00,sha256:071928f407ba189f1d74b42e9e9ac8b1c0b71991dbfd32c9574f67294a09100f,archive,provider_documented
T2,2026-02-24T18:00:00Z,2026-02-25T01:00:00Z,7,0.3223657888509128,2026-02-23T00:00,sha256:071928f407ba189f1d74b42e9e9ac8b1c0b71991dbfd32c9574f67294a09100f,archive,provider_documented
T2,2026-02-24T18:00:00Z,2026-02-25T02:00:00Z,8,0.4800212265600815,2026-02-23T00:00,sha256:071928f407ba189f1d74b42e9e9ac8b1c0b71991dbfd32c9574f67294a09100f,archive,provider_documented
T2,2026-02-24T18:00:00Z,2026-02-25T03:00:00Z,9,0.46296608013942275,2026-02-23T00:00,sha256:071928f407ba189f1d74b42e9e9ac8b1c0b71991dbfd32c9574f67294a09100f,archive,provider_documented
T2,2026-02-24T18:00:00Z,2026-02-25T04:00:00Z,10,0.8266470186376589,2026-02-23T00:00,sha256:071928f407ba189f1d74b42e9e9ac8b1c0b71991dbfd32c9574f67294a09100f,archive,provider_documented
T2,2026-02-24T18:00:00Z,2026-02-25T05:00:00Z,11,0.9167115969912738,2026-02-23T00:00,sha256:071928f407ba189f1d74b42e9e9ac8b1c0b71991dbfd32c9574f67294a09100f,archive,provider_documented
T2,2026-02-24T18:00:00Z,2026-02-25T06:00:00Z,12,0.7792211348188076,2026-02-23T00:00,sha256:071928f407ba189f1d74b42e9e9ac8b1c0b71991dbfd32c9574f67294a09100f,archive,provider_documented
T2,2026-02-24T18:00:00Z,2026-02-25T07:00:00Z,13,0.6572619148807348,2026-02-23T00:00,sha256:071928f407ba189f1d74b42e9e9ac8b1c0b71991dbfd32c9574f67294a09100f,archive,provider_documented
T2,2026-02-24T18:00:00Z,2026-02-25T08:00:00Z,14,0.6234514179533457,2026-02-23T00:00,sha256:071928f407ba189f1d74b42e9e9ac8b1c0b71991dbfd32c9574f67294a09100f,archive,provider_documented
T2,2026-02-24T18:00:00Z,2026-02-25T09:00:00Z,15,0.5063798427434878,2026-02-23T00:00,sha256:071928f407ba189f1d74b42e9e9ac8b1c0b71991dbfd32c9574f67294a09100f,archive,provider_documented
T2,2026-02-24T18:00:00Z,2026-02-25T10:00:00Z,16,0.4697353940178991,2026-02-23T00:00,sha256:071928f407ba189f1d74b42e9e9ac8b1c0b71991dbfd32c9574f67294a09100f,archive,provider_documented
T2,2026-02-24T18:00:00Z,2026-02-25T11:00:00Z,17,0.3931494947986558,2026-02-23T00:00,sha256:071928f407ba189f1d74b42e9e9ac8b1c0b71991dbfd32c9574f67294a09100f,archive,provider_documented
T2,2026-02-24T18:00:00Z,2026-02-25T12:00:00Z,18,0.1591638374898754,2026-02-23T00:00,sha256:071928f407ba189f1d74b42e9e9ac8b1c0b71991dbfd32c9574f67294a09100f,archive,provider_documented
T2,2026-02-24T18:00:00Z,2026-02-25T13:00:00Z,19,0.2633777719481949,2026-02-23T00:00,sha256:071928f407ba189f1d74b42e9e9ac8b1c0b71991dbfd32c9574f67294a09100f,archive,provider_documented
T2,2026-02-24T18:00:00Z,2026-02-25T14:00:00Z,20,0.2633777719481949,2026-02-23T00:00,sha256:071928f407ba189f1d74b42e9e9ac8b1c0b71991dbfd32c9574f67294a09100f,archive,provider_documented
T2,2026-02-24T18:00:00Z,2026-02-25T15:00:00Z,21,0.29242132618959793,2026-02-23T00:00,sha256:071928f407ba189f1d74b42e9e9ac8b1c0b71991dbfd32c9574f67294a09100f,archive,provider_documented
T2,2026-02-24T18:00:00Z,2026-02-25T16:00:00Z,22,0.6192130369432061,2026-02-23T00:00,sha256:071928f407ba189f1d74b42e9e9ac8b1c0b71991dbfd32c9574f67294a09100f,archive,provider_documented
T2,2026-02-24T18:00:00Z,2026-02-25T17:00:00Z,23,0.6960683102324345,2026-02-23T00:00,sha256:071928f407ba189f1d74b42e9e9ac8b1c0b71991dbfd32c9574f67294a09100f,archive,provider_documented
T2,2026-02-24T18:00:00Z,2026-02-25T18:00:00Z,24,0.6960683102324345,2026-02-23T00:00,sha256:071928f407ba189f1d74b42e9e9ac8b1c0b71991dbfd32c9574f67294a09100f,archive,provider_documented
T1,2026-02-25T18:00:00Z,2026-02-25T19:00:00Z,1,0.6232380748880486,2026-02-24T00:00,sha256:594ab96b14faef987df918ca088c7784f8964e26a17075bcc4a009b6d23b8b96,archive,provider_documented
T1,2026-02-25T18:00:00Z,2026-02-25T20:00:00Z,2,0.7016436078737346,2026-02-24T00:00,sha256:594ab96b14faef987df918ca088c7784f8964e26a17075bcc4a009b6d23b8b96,archive,provider_documented
T1,2026-02-25T18:00:00Z,2026-02-25T21:00:00Z,3,0.5948052611102344,2026-02-24T00:00,sha256:594ab96b14faef987df918ca088c7784f8964e26a17075bcc4a009b6d23b8b96,archive,provider_documented
T1,2026-02-25T18:00:00Z,2026-02-25T22:00:00Z,4,0.7016436078737346,2026-02-24T00:00,sha256:594ab96b14faef987df918ca088c7784f8964e26a17075bcc4a009b6d23b8b96,archive,provider_documented
T1,2026-02-25T18:00:00Z,2026-02-25T23:00:00Z,5,0.7016436078737346,2026-02-24T00:00,sha256:594ab96b14faef987df918ca088c7784f8964e26a17075bcc4a009b6d23b8b96,archive,provider_documented
T1,2026-02-25T18:00:00Z,2026-02-26T00:00:00Z,6,0.47343344226689615,2026-02-24T00:00,sha256:594ab96b14faef987df918ca088c7784f8964e26a17075bcc4a009b6d23b8b96,archive,provider_documented
T1,2026-02-25T18:00:00Z,2026-02-26T01:00:00Z,7,0.6720643998401706,2026-02-24T00:00,sha256:594ab96b14faef987df918ca088c7784f8964e26a17075bcc4a009b6d23b8b96,archive,provider_documented
T1,2026-02-25T18:00:00Z,2026-02-26T02:00:00Z,8,0.7016436078737346,2026-02-24T00:00,sha256:594ab96b14faef987df918ca088c7784f8964e26a17075bcc4a009b6d23b8b96,archive,provider_documented
T1,2026-02-25T18:00:00Z,2026-02-26T03:00:00Z,9,0.5948052611102344,2026-02-24T00:00,sha256:594ab96b14faef987df918ca088c7784f8964e26a17075bcc4a009b6d23b8b96,archive,provider_documented
T1,2026-02-25T18:00:00Z,2026-02-26T04:00:00Z,10,0.1765366343388214,2026-02-24T00:00,sha256:594ab96b14faef987df918ca088c7784f8964e26a17075bcc4a009b6d23b8b96,archive,provider_documented
T1,2026-02-25T18:00:00Z,2026-02-26T05:00:00Z,11,0.9445985880636985,2026-02-24T00:00,sha256:594ab96b14faef987df918ca088c7784f8964e26a17075bcc4a009b6d23b8b96,archive,provider_documented
T1,2026-02-25T18:00:00Z,2026-02-26T06:00:00Z,12,0.6179359524574398,2026-02-24T00:00,sha256:594ab96b14faef987df918ca088c7784f8964e26a17075bcc4a009b6d23b8b96,archive,provider_documented
T1,2026-02-25T18:00:00Z,2026-02-26T07:00:00Z,13,0.5948052611102344,2026-02-24T00:00,sha256:594ab96b14faef987df918ca088c7784f8964e26a17075bcc4a009b6d23b8b96,archive,provider_documented
T1,2026-02-25T18:00:00Z,2026-02-26T08:00:00Z,14,0.47343344226689615,2026-02-24T00:00,sha256:594ab96b14faef987df918ca088c7784f8964e26a17075bcc4a009b6d23b8b96,archive,provider_documented
T1,2026-02-25T18:00:00Z,2026-02-26T09:00:00Z,15,0.47343344226689615,2026-02-24T00:00,sha256:594ab96b14faef987df918ca088c7784f8964e26a17075bcc4a009b6d23b8b96,archive,provider_documented
T1,2026-02-25T18:00:00Z,2026-02-26T10:00:00Z,16,0.7790621786344204,2026-02-24T00:00,sha256:594ab96b14faef987df918ca088c7784f8964e26a17075bcc4a009b6d23b8b96,archive,provider_documented
T1,2026-02-25T18:00:00Z,2026-02-26T11:00:00Z,17,0.6232380748880486,2026-02-24T00:00,sha256:594ab96b14faef987df918ca088c7784f8964e26a17075bcc4a009b6d23b8b96,archive,provider_documented
T1,2026-02-25T18:00:00Z,2026-02-26T12:00:00Z,18,0.6511172690062413,2026-02-24T00:00,sha256:594ab96b14faef987df918ca088c7784f8964e26a17075bcc4a009b6d23b8b96,archive,provider_documented
T1,2026-02-25T18:00:00Z,2026-02-26T13:00:00Z,19,0.7016436078737346,2026-02-24T00:00,sha256:594ab96b14faef987df918ca088c7784f8964e26a17075bcc4a009b6d23b8b96,archive,provider_documented
T1,2026-02-25T18:00:00Z,2026-02-26T14:00:00Z,20,0.8497345335062924,2026-02-24T00:00,sha256:594ab96b14faef987df918ca088c7784f8964e26a17075bcc4a009b6d23b8b96,archive,provider_documented
T1,2026-02-25T18:00:00Z,2026-02-26T15:00:00Z,21,0.9107877883570776,2026-02-24T00:00,sha256:594ab96b14faef987df918ca088c7784f8964e26a17075bcc4a009b6d23b8b96,archive,provider_documented
T1,2026-02-25T18:00:00Z,2026-02-26T16:00:00Z,22,0.9335905259595965,2026-02-24T00:00,sha256:594ab96b14faef987df918ca088c7784f8964e26a17075bcc4a009b6d23b8b96,archive,provider_documented
T1,2026-02-25T18:00:00Z,2026-02-26T17:00:00Z,23,0.9810330428868794,2026-02-24T00:00,sha256:594ab96b14faef987df918ca088c7784f8964e26a17075bcc4a009b6d23b8b96,archive,provider_documented
T1,2026-02-25T18:00:00Z,2026-02-26T18:00:00Z,24,0.9691199936798383,2026-02-24T00:00,sha256:594ab96b14faef987df918ca088c7784f8964e26a17075bcc4a009b6d23b8b96,archive,provider_documented
T2,2026-02-25T18:00:00Z,2026-02-25T19:00:00Z,1,0.592230524228119,2026-02-24T00:00,sha256:071928f407ba189f1d74b42e9e9ac8b1c0b71991dbfd32c9574f67294a09100f,archive,provider_documented
T2,2026-02-25T18:00:00Z,2026-02-25T20:00:00Z,2,0.6960683102324345,2026-02-24T00:00,sha256:071928f407ba189f1d74b42e9e9ac8b1c0b71991dbfd32c9574f67294a09100f,archive,provider_documented
T2,2026-02-25T18:00:00Z,2026-02-25T21:00:00Z,3,0.5525246021455751,2026-02-24T00:00,sha256:071928f407ba189f1d74b42e9e9ac8b1c0b71991dbfd32c9574f67294a09100f,archive,provider_documented
T2,2026-02-25T18:00:00Z,2026-02-25T22:00:00Z,4,0.6960683102324345,2026-02-24T00:00,sha256:071928f407ba189f1d74b42e9e9ac8b1c0b71991dbfd32c9574f67294a09100f,archive,provider_documented
T2,2026-02-25T18:00:00Z,2026-02-25T23:00:00Z,5,0.6960683102324345,2026-02-24T00:00,sha256:071928f407ba189f1d74b42e9e9ac8b1c0b71991dbfd32c9574f67294a09100f,archive,provider_documented
T2,2026-02-25T18:00:00Z,2026-02-26T00:00:00Z,6,0.45979032161180333,2026-02-24T00:00,sha256:071928f407ba189f1d74b42e9e9ac8b1c0b71991dbfd32c9574f67294a09100f,archive,provider_documented
T2,2026-02-25T18:00:00Z,2026-02-26T01:00:00Z,7,0.6192130369432061,2026-02-24T00:00,sha256:071928f407ba189f1d74b42e9e9ac8b1c0b71991dbfd32c9574f67294a09100f,archive,provider_documented
T2,2026-02-25T18:00:00Z,2026-02-26T02:00:00Z,8,0.6626505736646919,2026-02-24T00:00,sha256:071928f407ba189f1d74b42e9e9ac8b1c0b71991dbfd32c9574f67294a09100f,archive,provider_documented
T2,2026-02-25T18:00:00Z,2026-02-26T03:00:00Z,9,0.5525246021455751,2026-02-24T00:00,sha256:071928f407ba189f1d74b42e9e9ac8b1c0b71991dbfd32c9574f67294a09100f,archive,provider_documented
T2,2026-02-25T18:00:00Z,2026-02-26T04:00:00Z,10,0.1591638374898754,2026-02-24T00:00,sha256:071928f407ba189f1d74b42e9e9ac8b1c0b71991dbfd32c9574f67294a09100f,archive,provider_documented
T2,2026-02-25T18:00:00Z,2026-02-26T05:00:00Z,11,0.955419010839927,2026-02-24T00:00,sha256:071928f407ba189f1d74b42e9e9ac8b1c0b71991dbfd32c9574f67294a09100f,archive,provider_documented
T2,2026-02-25T18:00:00Z,2026-02-26T06:00:00Z,12,0.6255603912353824,2026-02-24T00:00,sha256:071928f407ba189f1d74b42e9e9ac8b1c0b71991dbfd32c9574f67294a09100f,archive,provider_documented
T2,2026-02-25T18:00:00Z,2026-02-26T07:00:00Z,13,0.5525246021455751,2026-02-24T00:00,sha256:071928f407ba189f1d74b42e9e9ac8b1c0b71991dbfd32c9574f67294a09100f,archive,provider_documented
T2,2026-02-25T18:00:00Z,2026-02-26T08:00:00Z,14,0.45979032161180333,2026-02-24T00:00,sha256:071928f407ba189f1d74b42e9e9ac8b1c0b71991dbfd32c9574f67294a09100f,archive,provider_documented
T2,2026-02-25T18:00:00Z,2026-02-26T09:00:00Z,15,0.4761430550630982,2026-02-24T00:00,sha256:071928f407ba189f1d74b42e9e9ac8b1c0b71991dbfd32c9574f67294a09100f,archive,provider_documented
T2,2026-02-25T18:00:00Z,2026-02-26T10:00:00Z,16,0.8021119403435035,2026-02-24T00:00,sha256:071928f407ba189f1d74b42e9e9ac8b1c0b71991dbfd32c9574f67294a09100f,archive,provider_documented
T2,2026-02-25T18:00:00Z,2026-02-26T11:00:00Z,17,0.592230524228119,2026-02-24T00:00,sha256:071928f407ba189f1d74b42e9e9ac8b1c0b71991dbfd32c9574f67294a09100f,archive,provider_documented
T2,2026-02-25T18:00:00Z,2026-02-26T12:00:00Z,18,0.5955078255144397,2026-02-24T00:00,sha256:071928f407ba189f1d74b42e9e9ac8b1c0b71991dbfd32c9574f67294a09100f,archive,provider_documented
T2,2026-02-25T18:00:00Z,2026-02-26T13:00:00Z,19,0.6626505736646919,2026-02-24T00:00,sha256:071928f407ba189f1d74b42e9e9ac8b1c0b71991dbfd32c9574f67294a09100f,archive,provider_documented
T2,2026-02-25T18:00:00Z,2026-02-26T14:00:00Z,20,0.84515456279187,2026-02-24T00:00,sha256:071928f407ba189f1d74b42e9e9ac8b1c0b71991dbfd32c9574f67294a09100f,archive,provider_documented
T2,2026-02-25T18:00:00Z,2026-02-26T15:00:00Z,21,0.9197004359470109,2026-02-24T00:00,sha256:071928f407ba189f1d74b42e9e9ac8b1c0b71991dbfd32c9574f67294a09100f,archive,provider_documented
T2,2026-02-25T18:00:00Z,2026-02-26T16:00:00Z,22,0.9567071837692438,2026-02-24T00:00,sha256:071928f407ba189f1d74b42e9e9ac8b1c0b71991dbfd32c9574f67294a09100f,archive,provider_documented
T2,2026-02-25T18:00:00Z,2026-02-26T17:00:00Z,23,0.9693104181391989,2026-02-24T00:00,sha256:071928f407ba189f1d74b42e9e9ac8b1c0b71991dbfd32c9574f67294a09100f,archive,provider_documented
T2,2026-02-25T18:00:00Z,2026-02-26T18:00:00Z,24,0.9640290827690061,2026-02-24T00:00,sha256:071928f407ba189f1d74b42e9e9ac8b1c0b71991dbfd32c9574f67294a09100f,archive,provider_documented
T1,2026-02-26T18:00:00Z,2026-02-26T19:00:00Z,1,0.9810330428868794,2026-02-25T00:00,sha256:594ab96b14faef987df918ca088c7784f8964e26a17075bcc4a009b6d23b8b96,archive,provider_documented
T1,2026-02-26T18:00:00Z,2026-02-26T20:00:00Z,2,0.9824383998014361,2026-02-25T00:00,sha256:594ab96b14faef987df918ca088c7784f8964e26a17075bcc4a009b6d23b8b96,archive,provider_documented
T1,2026-02-26T18:00:00Z,2026-02-26T21:00:00Z,3,0.9838698396548899,2026-02-25T00:00,sha256:594ab96b14faef987df918ca088c7784f8964e26a17075bcc4a009b6d23b8b96,archive,provider_documented
T1,2026-02-26T18:00:00Z,2026-02-26T22:00:00Z,4,0.9838698396548899,2026-02-25T00:00,sha256:594ab96b14faef987df918ca088c7784f8964e26a17075bcc4a009b6d23b8b96,archive,provider_documented
T1,2026-02-26T18:00:00Z,2026-02-26T23:00:00Z,5,0.9107877883570776,2026-02-25T00:00,sha256:594ab96b14faef987df918ca088c7784f8964e26a17075bcc4a009b6d23b8b96,archive,provider_documented
T1,2026-02-26T18:00:00Z,2026-02-27T00:00:00Z,6,0.8497345335062924,2026-02-25T00:00,sha256:594ab96b14faef987df918ca088c7784f8964e26a17075bcc4a009b6d23b8b96,archive,provider_documented
T1,2026-02-26T18:00:00Z,2026-02-27T01:00:00Z,7,0.780493618487874,2026-02-25T00:00,sha256:594ab96b14faef987df918ca088c7784f8964e26a17075bcc4a009b6d23b8b96,archive,provider_documented
T1,2026-02-26T18:00:00Z,2026-02-27T02:00:00Z,8,0.8174271785029751,2026-02-25T00:00,sha256:594ab96b14faef987df918ca088c7784f8964e26a17075bcc4a009b6d23b8b96,archive,provider_documented
T1,2026-02-26T18:00:00Z,2026-02-27T03:00:00Z,9,0.8340855563578548,2026-02-25T00:00,sha256:594ab96b14faef987df918ca088c7784f8964e26a17075bcc4a009b6d23b8b96,archive,provider_documented
T1,2026-02-26T18:00:00Z,2026-02-27T04:00:00Z,10,0.6232380748880486,2026-02-25T00:00,sha256:594ab96b14faef987df918ca088c7784f8964e26a17075bcc4a009b6d23b8b96,archive,provider_documented
T1,2026-02-26T18:00:00Z,2026-02-27T05:00:00Z,11,0.5948052611102344,2026-02-25T00:00,sha256:594ab96b14faef987df918ca088c7784f8964e26a17075bcc4a009b6d23b8b96,archive,provider_documented
T1,2026-02-26T18:00:00Z,2026-02-27T06:00:00Z,12,0.6511172690062413,2026-02-25T00:00,sha256:594ab96b14faef987df918ca088c7784f8964e26a17075bcc4a009b6d23b8b96,archive,provider_documented
T1,2026-02-26T18:00:00Z,2026-02-27T07:00:00Z,13,0.6232380748880486,2026-02-25T00:00,sha256:594ab96b14faef987df918ca088c7784f8964e26a17075bcc4a009b6d23b8b96,archive,provider_documented
T1,2026-02-26T18:00:00Z,2026-02-27T08:00:00Z,14,0.6720643998401706,2026-02-25T00:00,sha256:594ab96b14faef987df918ca088c7784f8964e26a17075bcc4a009b6d23b8b96,archive,provider_documented
T1,2026-02-26T18:00:00Z,2026-02-27T09:00:00Z,15,0.8986718395968637,2026-02-25T00:00,sha256:594ab96b14faef987df918ca088c7784f8964e26a17075bcc4a009b6d23b8b96,archive,provider_documented
T1,2026-02-26T18:00:00Z,2026-02-27T10:00:00Z,16,0.8986718395968637,2026-02-25T00:00,sha256:594ab96b14faef987df918ca088c7784f8964e26a17075bcc4a009b6d23b8b96,archive,provider_documented
T1,2026-02-26T18:00:00Z,2026-02-27T11:00:00Z,17,0.8986718395968637,2026-02-25T00:00,sha256:594ab96b14faef987df918ca088c7784f8964e26a17075bcc4a009b6d23b8b96,archive,provider_documented
T1,2026-02-26T18:00:00Z,2026-02-27T12:00:00Z,18,0.9350219658130503,2026-02-25T00:00,sha256:594ab96b14faef987df918ca088c7784f8964e26a17075bcc4a009b6d23b8b96,archive,provider_documented
T1,2026-02-26T18:00:00Z,2026-02-27T13:00:00Z,19,0.9413074465723859,2026-02-25T00:00,sha256:594ab96b14faef987df918ca088c7784f8964e26a17075bcc4a009b6d23b8b96,archive,provider_documented
T1,2026-02-26T18:00:00Z,2026-02-27T14:00:00Z,20,0.9253168327492346,2026-02-25T00:00,sha256:594ab96b14faef987df918ca088c7784f8964e26a17075bcc4a009b6d23b8b96,archive,provider_documented
T1,2026-02-26T18:00:00Z,2026-02-27T15:00:00Z,21,0.8952844112317828,2026-02-25T00:00,sha256:594ab96b14faef987df918ca088c7784f8964e26a17075bcc4a009b6d23b8b96,archive,provider_documented
T1,2026-02-26T18:00:00Z,2026-02-27T16:00:00Z,22,0.7161726522658916,2026-02-25T00:00,sha256:594ab96b14faef987df918ca088c7784f8964e26a17075bcc4a009b6d23b8b96,archive,provider_documented
T1,2026-02-26T18:00:00Z,2026-02-27T17:00:00Z,23,0.6767413654476964,2026-02-25T00:00,sha256:594ab96b14faef987df918ca088c7784f8964e26a17075bcc4a009b6d23b8b96,archive,provider_documented
T1,2026-02-26T18:00:00Z,2026-02-27T18:00:00Z,24,0.6656463133983983,2026-02-25T00:00,sha256:594ab96b14faef987df918ca088c7784f8964e26a17075bcc4a009b6d23b8b96,archive,provider_documented
T2,2026-02-26T18:00:00Z,2026-02-26T19:00:00Z,1,0.972299257094936,2026-02-25T00:00,sha256:071928f407ba189f1d74b42e9e9ac8b1c0b71991dbfd32c9574f67294a09100f,archive,provider_documented
T2,2026-02-26T18:00:00Z,2026-02-26T20:00:00Z,2,0.9763394430767898,2026-02-25T00:00,sha256:071928f407ba189f1d74b42e9e9ac8b1c0b71991dbfd32c9574f67294a09100f,archive,provider_documented
T2,2026-02-26T18:00:00Z,2026-02-26T21:00:00Z,3,0.9712179093928922,2026-02-25T00:00,sha256:071928f407ba189f1d74b42e9e9ac8b1c0b71991dbfd32c9574f67294a09100f,archive,provider_documented
T2,2026-02-26T18:00:00Z,2026-02-26T22:00:00Z,4,0.9712179093928922,2026-02-25T00:00,sha256:071928f407ba189f1d74b42e9e9ac8b1c0b71991dbfd32c9574f67294a09100f,archive,provider_documented
T2,2026-02-26T18:00:00Z,2026-02-26T23:00:00Z,5,0.9197004359470109,2026-02-25T00:00,sha256:071928f407ba189f1d74b42e9e9ac8b1c0b71991dbfd32c9574f67294a09100f,archive,provider_documented
T2,2026-02-26T18:00:00Z,2026-02-27T00:00:00Z,6,0.84515456279187,2026-02-25T00:00,sha256:071928f407ba189f1d74b42e9e9ac8b1c0b71991dbfd32c9574f67294a09100f,archive,provider_documented
T2,2026-02-26T18:00:00Z,2026-02-27T01:00:00Z,7,0.8082765378268602,2026-02-25T00:00,sha256:071928f407ba189f1d74b42e9e9ac8b1c0b71991dbfd32c9574f67294a09100f,archive,provider_documented
T2,2026-02-26T18:00:00Z,2026-02-27T02:00:00Z,8,0.8136271907071047,2026-02-25T00:00,sha256:071928f407ba189f1d74b42e9e9ac8b1c0b71991dbfd32c9574f67294a09100f,archive,provider_documented
T2,2026-02-26T18:00:00Z,2026-02-27T03:00:00Z,9,0.8117751602301146,2026-02-25T00:00,sha256:071928f407ba189f1d74b42e9e9ac8b1c0b71991dbfd32c9574f67294a09100f,archive,provider_documented
T2,2026-02-26T18:00:00Z,2026-02-27T04:00:00Z,10,0.595219363183856,2026-02-25T00:00,sha256:071928f407ba189f1d74b42e9e9ac8b1c0b71991dbfd32c9574f67294a09100f,archive,provider_documented
T2,2026-02-26T18:00:00Z,2026-02-27T05:00:00Z,11,0.5525246021455751,2026-02-25T00:00,sha256:071928f407ba189f1d74b42e9e9ac8b1c0b71991dbfd32c9574f67294a09100f,archive,provider_documented
T2,2026-02-26T18:00:00Z,2026-02-27T06:00:00Z,12,0.6192130369432061,2026-02-25T00:00,sha256:071928f407ba189f1d74b42e9e9ac8b1c0b71991dbfd32c9574f67294a09100f,archive,provider_documented
T2,2026-02-26T18:00:00Z,2026-02-27T07:00:00Z,13,0.592230524228119,2026-02-25T00:00,sha256:071928f407ba189f1d74b42e9e9ac8b1c0b71991dbfd32c9574f67294a09100f,archive,provider_documented
T2,2026-02-26T18:00:00Z,2026-02-27T08:00:00Z,14,0.6192130369432061,2026-02-25T00:00,sha256:071928f407ba189f1d74b42e9e9ac8b1c0b71991dbfd32c9574f67294a09100f,archive,provider_documented
T2,2026-02-26T18:00:00Z,2026-02-27T09:00:00Z,15,0.9032622219912736,2026-02-25T00:00,sha256:071928f407ba189f1d74b42e9e9ac8b1c0b71991dbfd32c9574f67294a09100f,archive,provider_documented
T2,2026-02-26T18:00:00Z,2026-02-27T10:00:00Z,16,0.9032622219912736,2026-02-25T00:00,sha256:071928f407ba189f1d74b42e9e9ac8b1c0b71991dbfd32c9574f67294a09100f,archive,provider_documented
T2,2026-02-26T18:00:00Z,2026-02-27T11:00:00Z,17,0.9062510609470107,2026-02-25T00:00,sha256:071928f407ba189f1d74b42e9e9ac8b1c0b71991dbfd32c9574f67294a09100f,archive,provider_documented
T2,2026-02-26T18:00:00Z,2026-02-27T12:00:00Z,18,0.9628717812526004,2026-02-25T00:00,sha256:071928f407ba189f1d74b42e9e9ac8b1c0b71991dbfd32c9574f67294a09100f,archive,provider_documented
T2,2026-02-26T18:00:00Z,2026-02-27T13:00:00Z,19,0.9628717812526004,2026-02-25T00:00,sha256:071928f407ba189f1d74b42e9e9ac8b1c0b71991dbfd32c9574f67294a09100f,archive,provider_documented
T2,2026-02-26T18:00:00Z,2026-02-27T14:00:00Z,20,0.9228761944746304,2026-02-25T00:00,sha256:071928f407ba189f1d74b42e9e9ac8b1c0b71991dbfd32c9574f67294a09100f,archive,provider_documented
T2,2026-02-26T18:00:00Z,2026-02-27T15:00:00Z,21,0.8483303213194895,2026-02-25T00:00,sha256:071928f407ba189f1d74b42e9e9ac8b1c0b71991dbfd32c9574f67294a09100f,archive,provider_documented
T2,2026-02-26T18:00:00Z,2026-02-27T16:00:00Z,22,0.7022329077157912,2026-02-25T00:00,sha256:071928f407ba189f1d74b42e9e9ac8b1c0b71991dbfd32c9574f67294a09100f,archive,provider_documented
T2,2026-02-26T18:00:00Z,2026-02-27T17:00:00Z,23,0.6254241246646774,2026-02-25T00:00,sha256:071928f407ba189f1d74b42e9e9ac8b1c0b71991dbfd32c9574f67294a09100f,archive,provider_documented
T2,2026-02-26T18:00:00Z,2026-02-27T18:00:00Z,24,0.6254241246646774,2026-02-25T00:00,sha256:071928f407ba189f1d74b42e9e9ac8b1c0b71991dbfd32c9574f67294a09100f,archive,provider_documented
T1,2026-02-27T18:00:00Z,2026-02-27T19:00:00Z,1,0.6865934442323276,2026-02-26T00:00,sha256:594ab96b14faef987df918ca088c7784f8964e26a17075bcc4a009b6d23b8b96,archive,provider_documented
T1,2026-02-27T18:00:00Z,2026-02-27T20:00:00Z,2,0.6377671192802056,2026-02-26T00:00,sha256:594ab96b14faef987df918ca088c7784f8964e26a17075bcc4a009b6d23b8b96,archive,provider_documented
T1,2026-02-27T18:00:00Z,2026-02-27T21:00:00Z,3,0.8486146007500117,2026-02-26T00:00,sha256:594ab96b14faef987df918ca088c7784f8964e26a17075bcc4a009b6d23b8b96,archive,provider_documented
T1,2026-02-27T18:00:00Z,2026-02-27T22:00:00Z,4,0.8305247830416784,2026-02-26T00:00,sha256:594ab96b14faef987df918ca088c7784f8964e26a17075bcc4a009b6d23b8b96,archive,provider_documented
T1,2026-02-27T18:00:00Z,2026-02-27T23:00:00Z,5,0.8305247830416784,2026-02-26T00:00,sha256:594ab96b14faef987df918ca088c7784f8964e26a17075bcc4a009b6d23b8b96,archive,provider_documented
T1,2026-02-27T18:00:00Z,2026-02-28T00:00:00Z,6,0.8305247830416784,2026-02-26T00:00,sha256:594ab96b14faef987df918ca088c7784f8964e26a17075bcc4a009b6d23b8b96,archive,provider_documented
T1,2026-02-27T18:00:00Z,2026-02-28T01:00:00Z,7,0.8642635778984493,2026-02-26T00:00,sha256:594ab96b14faef987df918ca088c7784f8964e26a17075bcc4a009b6d23b8b96,archive,provider_documented
T1,2026-02-27T18:00:00Z,2026-02-28T02:00:00Z,8,0.9132008839890207,2026-02-26T00:00,sha256:594ab96b14faef987df918ca088c7784f8964e26a17075bcc4a009b6d23b8b96,archive,provider_documented
T1,2026-02-27T18:00:00Z,2026-02-28T03:00:00Z,9,0.9132008839890207,2026-02-26T00:00,sha256:594ab96b14faef987df918ca088c7784f8964e26a17075bcc4a009b6d23b8b96,archive,provider_documented
T1,2026-02-27T18:00:00Z,2026-02-28T04:00:00Z,10,0.9253168327492346,2026-02-26T00:00,sha256:594ab96b14faef987df918ca088c7784f8964e26a17075bcc4a009b6d23b8b96,archive,provider_documented
T1,2026-02-27T18:00:00Z,2026-02-28T05:00:00Z,11,0.9377773566452705,2026-02-26T00:00,sha256:594ab96b14faef987df918ca088c7784f8964e26a17075bcc4a009b6d23b8b96,archive,provider_documented
T1,2026-02-27T18:00:00Z,2026-02-28T06:00:00Z,12,0.9253168327492346,2026-02-26T00:00,sha256:594ab96b14faef987df918ca088c7784f8964e26a17075bcc4a009b6d23b8b96,archive,provider_documented
T1,2026-02-27T18:00:00Z,2026-02-28T07:00:00Z,13,0.9283423006116817,2026-02-26T00:00,sha256:594ab96b14faef987df918ca088c7784f8964e26a17075bcc4a009b6d23b8b96,archive,provider_documented
T1,2026-02-27T18:00:00Z,2026-02-28T08:00:00Z,14,0.9283423006116817,2026-02-26T00:00,sha256:594ab96b14faef987df918ca088c7784f8964e26a17075bcc4a009b6d23b8b96,archive,provider_documented
T1,2026-02-27T18:00:00Z,2026-02-28T09:00:00Z,15,0.9253168327492346,2026-02-26T00:00,sha256:594ab96b14faef987df918ca088c7784f8964e26a17075bcc4a009b6d23b8b96,archive,provider_documented
T1,2026-02-27T18:00:00Z,2026-02-28T10:00:00Z,16,0.9132008839890207,2026-02-26T00:00,sha256:594ab96b14faef987df918ca088c7784f8964e26a17075bcc4a009b6d23b8b96,archive,provider_documented
T1,2026-02-27T18:00:00Z,2026-02-28T11:00:00Z,17,0.9132008839890207,2026-02-26T00:00,sha256:594ab96b14faef987df918ca088c7784f8964e26a17075bcc4a009b6d23b8b96,archive,provider_documented
T1,2026-02-27T18:00:00Z,2026-02-28T12:00:00Z,18,0.8486146007500117,2026-02-26T00:00,sha256:594ab96b14faef987df918ca088c7784f8964e26a17075bcc4a009b6d23b8b96,archive,provider_documented
T1,2026-02-27T18:00:00Z,2026-02-28T13:00:00Z,19,0.7161726522658916,2026-02-26T00:00,sha256:594ab96b14faef987df918ca088c7784f8964e26a17075bcc4a009b6d23b8b96,archive,provider_documented
T1,2026-02-27T18:00:00Z,2026-02-28T14:00:00Z,20,0.6382462178685512,2026-02-26T00:00,sha256:594ab96b14faef987df918ca088c7784f8964e26a17075bcc4a009b6d23b8b96,archive,provider_documented
T1,2026-02-27T18:00:00Z,2026-02-28T15:00:00Z,21,0.48844158524739867,2026-02-26T00:00,sha256:594ab96b14faef987df918ca088c7784f8964e26a17075bcc4a009b6d23b8b96,archive,provider_documented
T1,2026-02-27T18:00:00Z,2026-02-28T16:00:00Z,22,0.45785440588554316,2026-02-26T00:00,sha256:594ab96b14faef987df918ca088c7784f8964e26a17075bcc4a009b6d23b8b96,archive,provider_documented
T1,2026-02-27T18:00:00Z,2026-02-28T17:00:00Z,23,0.48796248665905306,2026-02-26T00:00,sha256:594ab96b14faef987df918ca088c7784f8964e26a17075bcc4a009b6d23b8b96,archive,provider_documented
T1,2026-02-27T18:00:00Z,2026-02-28T18:00:00Z,24,0.45737530729719755,2026-02-26T00:00,sha256:594ab96b14faef987df918ca088c7784f8964e26a17075bcc4a009b6d23b8b96,archive,provider_documented
T2,2026-02-27T18:00:00Z,2026-02-27T19:00:00Z,1,0.6253776344265627,2026-02-26T00:00,sha256:071928f407ba189f1d74b42e9e9ac8b1c0b71991dbfd32c9574f67294a09100f,archive,provider_documented
T2,2026-02-27T18:00:00Z,2026-02-27T20:00:00Z,2,0.5984416119495903,2026-02-26T00:00,sha256:071928f407ba189f1d74b42e9e9ac8b1c0b71991dbfd32c9574f67294a09100f,archive,provider_documented
T2,2026-02-27T18:00:00Z,2026-02-27T21:00:00Z,3,0.8328581063591303,2026-02-26T00:00,sha256:071928f407ba189f1d74b42e9e9ac8b1c0b71991dbfd32c9574f67294a09100f,archive,provider_documented
T2,2026-02-27T18:00:00Z,2026-02-27T22:00:00Z,4,0.8149974089958489,2026-02-26T00:00,sha256:071928f407ba189f1d74b42e9e9ac8b1c0b71991dbfd32c9574f67294a09100f,archive,provider_documented
T2,2026-02-27T18:00:00Z,2026-02-27T23:00:00Z,5,0.8149974089958489,2026-02-26T00:00,sha256:071928f407ba189f1d74b42e9e9ac8b1c0b71991dbfd32c9574f67294a09100f,archive,provider_documented
T2,2026-02-27T18:00:00Z,2026-02-28T00:00:00Z,6,0.8149974089958489,2026-02-26T00:00,sha256:071928f407ba189f1d74b42e9e9ac8b1c0b71991dbfd32c9574f67294a09100f,archive,provider_documented
T2,2026-02-27T18:00:00Z,2026-02-28T01:00:00Z,7,0.8483768115576042,2026-02-26T00:00,sha256:071928f407ba189f1d74b42e9e9ac8b1c0b71991dbfd32c9574f67294a09100f,archive,provider_documented
T2,2026-02-27T18:00:00Z,2026-02-28T02:00:00Z,8,0.9103675533632196,2026-02-26T00:00,sha256:071928f407ba189f1d74b42e9e9ac8b1c0b71991dbfd32c9574f67294a09100f,archive,provider_documented
T2,2026-02-27T18:00:00Z,2026-02-28T03:00:00Z,9,0.9103675533632196,2026-02-26T00:00,sha256:071928f407ba189f1d74b42e9e9ac8b1c0b71991dbfd32c9574f67294a09100f,archive,provider_documented
T2,2026-02-27T18:00:00Z,2026-02-28T04:00:00Z,10,0.9229226847127452,2026-02-26T00:00,sha256:071928f407ba189f1d74b42e9e9ac8b1c0b71991dbfd32c9574f67294a09100f,archive,provider_documented
T2,2026-02-27T18:00:00Z,2026-02-28T05:00:00Z,11,0.909473309712745,2026-02-26T00:00,sha256:071928f407ba189f1d74b42e9e9ac8b1c0b71991dbfd32c9574f67294a09100f,archive,provider_documented
T2,2026-02-27T18:00:00Z,2026-02-28T06:00:00Z,12,0.9229226847127452,2026-02-26T00:00,sha256:071928f407ba189f1d74b42e9e9ac8b1c0b71991dbfd32c9574f67294a09100f,archive,provider_documented
T2,2026-02-27T18:00:00Z,2026-02-28T07:00:00Z,13,0.9223077555901211,2026-02-26T00:00,sha256:071928f407ba189f1d74b42e9e9ac8b1c0b71991dbfd32c9574f67294a09100f,archive,provider_documented
T2,2026-02-27T18:00:00Z,2026-02-28T08:00:00Z,14,0.9223077555901211,2026-02-26T00:00,sha256:071928f407ba189f1d74b42e9e9ac8b1c0b71991dbfd32c9574f67294a09100f,archive,provider_documented
T2,2026-02-27T18:00:00Z,2026-02-28T09:00:00Z,15,0.9229226847127452,2026-02-26T00:00,sha256:071928f407ba189f1d74b42e9e9ac8b1c0b71991dbfd32c9574f67294a09100f,archive,provider_documented
T2,2026-02-27T18:00:00Z,2026-02-28T10:00:00Z,16,0.909473309712745,2026-02-26T00:00,sha256:071928f407ba189f1d74b42e9e9ac8b1c0b71991dbfd32c9574f67294a09100f,archive,provider_documented
T2,2026-02-27T18:00:00Z,2026-02-28T11:00:00Z,17,0.909473309712745,2026-02-26T00:00,sha256:071928f407ba189f1d74b42e9e9ac8b1c0b71991dbfd32c9574f67294a09100f,archive,provider_documented
T2,2026-02-27T18:00:00Z,2026-02-28T12:00:00Z,18,0.8328581063591303,2026-02-26T00:00,sha256:071928f407ba189f1d74b42e9e9ac8b1c0b71991dbfd32c9574f67294a09100f,archive,provider_documented
T2,2026-02-27T18:00:00Z,2026-02-28T13:00:00Z,19,0.7031736416043808,2026-02-26T00:00,sha256:071928f407ba189f1d74b42e9e9ac8b1c0b71991dbfd32c9574f67294a09100f,archive,provider_documented
T2,2026-02-27T18:00:00Z,2026-02-28T14:00:00Z,20,0.6077261860706922,2026-02-26T00:00,sha256:071928f407ba189f1d74b42e9e9ac8b1c0b71991dbfd32c9574f67294a09100f,archive,provider_documented
T2,2026-02-27T18:00:00Z,2026-02-28T15:00:00Z,21,0.4714029008481643,2026-02-26T00:00,sha256:071928f407ba189f1d74b42e9e9ac8b1c0b71991dbfd32c9574f67294a09100f,archive,provider_documented
T2,2026-02-27T18:00:00Z,2026-02-28T16:00:00Z,22,0.4420621582081903,2026-02-26T00:00,sha256:071928f407ba189f1d74b42e9e9ac8b1c0b71991dbfd32c9574f67294a09100f,archive,provider_documented
T2,2026-02-27T18:00:00Z,2026-02-28T17:00:00Z,23,0.4630125703775375,2026-02-26T00:00,sha256:071928f407ba189f1d74b42e9e9ac8b1c0b71991dbfd32c9574f67294a09100f,archive,provider_documented
T2,2026-02-27T18:00:00Z,2026-02-28T18:00:00Z,24,0.4336718277375635,2026-02-26T00:00,sha256:071928f407ba189f1d74b42e9e9ac8b1c0b71991dbfd32c9574f67294a09100f,archive,provider_documented
